wl_weight,post_tx_weight,abo_weight,height_weight,efficiency_weight,cpra_weight,peds_weight,pld_weight,wl_model,post_tx_model,wl_cap,post_tx_cap,checks,match_alg_name,params_1,default
0.15,0.15,0,0.1,0.3,0.05,0.2,0.05,CAS23,CAS23,365,1826,FALSE,ABO-CAS,1,FALSE
0.15,0.15,0,0.15,0.25,0.05,0.2,0.05,CAS23,CAS23,365,1826,FALSE,ABO-CAS,2,FALSE
0.15,0.15,0,0.2,0.2,0.05,0.2,0.05,CAS23,CAS23,365,1826,FALSE,ABO-CAS,3,FALSE
0.15,0.15,0,0.25,0.15,0.05,0.2,0.05,CAS23,CAS23,365,1826,FALSE,ABO-CAS,4,FALSE
0.15,0.15,0,0.3,0.1,0.05,0.2,0.05,CAS23,CAS23,365,1826,FALSE,ABO-CAS,5,FALSE
0.15,0.15,0.05,0.05,0.3,0.05,0.2,0.05,CAS23,CAS23,365,1826,FALSE,ABO-CAS,6,FALSE
0.15,0.15,0.05,0.1,0.25,0.05,0.2,0.05,CAS23,CAS23,365,1826,FALSE,ABO-CAS,7,FALSE
0.15,0.15,0.05,0.15,0.2,0.05,0.2,0.05,CAS23,CAS23,365,1826,FALSE,ABO-CAS,8,FALSE
0.15,0.15,0.05,0.2,0.15,0.05,0.2,0.05,CAS23,CAS23,365,1826,FALSE,ABO-CAS,9,FALSE
0.15,0.15,0.05,0.25,0.1,0.05,0.2,0.05,CAS23,CAS23,365,1826,FALSE,ABO-CAS,10,FALSE
0.15,0.15,0.1,0,0.3,0.05,0.2,0.05,CAS23,CAS23,365,1826,FALSE,ABO-CAS,11,FALSE
0.15,0.15,0.1,0.05,0.25,0.05,0.2,0.05,CAS23,CAS23,365,1826,FALSE,ABO-CAS,12,FALSE
0.15,0.15,0.1,0.1,0.2,0.05,0.2,0.05,CAS23,CAS23,365,1826,FALSE,ABO-CAS,13,FALSE
0.15,0.15,0.1,0.15,0.15,0.05,0.2,0.05,CAS23,CAS23,365,1826,FALSE,ABO-CAS,14,FALSE
0.15,0.15,0.1,0.2,0.1,0.05,0.2,0.05,CAS23,CAS23,365,1826,FALSE,ABO-CAS,15,FALSE
0.15,0.15,0.15,0,0.25,0.05,0.2,0.05,CAS23,CAS23,365,1826,FALSE,ABO-CAS,16,FALSE
0.15,0.15,0.15,0.05,0.2,0.05,0.2,0.05,CAS23,CAS23,365,1826,FALSE,ABO-CAS,17,FALSE
0.15,0.15,0.15,0.1,0.15,0.05,0.2,0.05,CAS23,CAS23,365,1826,FALSE,ABO-CAS,18,FALSE
0.15,0.15,0.15,0.15,0.1,0.05,0.2,0.05,CAS23,CAS23,365,1826,FALSE,ABO-CAS,19,FALSE
0.15,0.15,0.2,0,0.2,0.05,0.2,0.05,CAS23,CAS23,365,1826,FALSE,ABO-CAS,20,FALSE
0.15,0.15,0.2,0.05,0.15,0.05,0.2,0.05,CAS23,CAS23,365,1826,FALSE,ABO-CAS,21,FALSE
0.15,0.15,0.2,0.1,0.1,0.05,0.2,0.05,CAS23,CAS23,365,1826,FALSE,ABO-CAS,22,FALSE
0.15,0.15,0.25,0,0.15,0.05,0.2,0.05,CAS23,CAS23,365,1826,FALSE,ABO-CAS,23,FALSE
0.15,0.15,0.25,0.05,0.1,0.05,0.2,0.05,CAS23,CAS23,365,1826,FALSE,ABO-CAS,24,FALSE
0.15,0.15,0.3,0,0.1,0.05,0.2,0.05,CAS23,CAS23,365,1826,FALSE,ABO-CAS,25,FALSE
0.15,0.2,0,0.05,0.3,0.05,0.2,0.05,CAS23,CAS23,365,1826,FALSE,ABO-CAS,26,FALSE
0.15,0.2,0,0.1,0.25,0.05,0.2,0.05,CAS23,CAS23,365,1826,FALSE,ABO-CAS,27,FALSE
0.15,0.2,0,0.15,0.2,0.05,0.2,0.05,CAS23,CAS23,365,1826,FALSE,ABO-CAS,28,FALSE
0.15,0.2,0,0.2,0.15,0.05,0.2,0.05,CAS23,CAS23,365,1826,FALSE,ABO-CAS,29,FALSE
0.15,0.2,0,0.25,0.1,0.05,0.2,0.05,CAS23,CAS23,365,1826,FALSE,ABO-CAS,30,FALSE
0.15,0.2,0,0.3,0.05,0.05,0.2,0.05,CAS23,CAS23,365,1826,FALSE,ABO-CAS,31,FALSE
0.15,0.2,0.05,0,0.3,0.05,0.2,0.05,CAS23,CAS23,365,1826,FALSE,ABO-CAS,32,FALSE
0.15,0.2,0.05,0.05,0.25,0.05,0.2,0.05,CAS23,CAS23,365,1826,FALSE,ABO-CAS,33,FALSE
0.15,0.2,0.05,0.1,0.2,0.05,0.2,0.05,CAS23,CAS23,365,1826,FALSE,ABO-CAS,34,FALSE
0.15,0.2,0.05,0.15,0.15,0.05,0.2,0.05,CAS23,CAS23,365,1826,FALSE,ABO-CAS,35,FALSE
0.15,0.2,0.05,0.2,0.1,0.05,0.2,0.05,CAS23,CAS23,365,1826,FALSE,ABO-CAS,36,FALSE
0.15,0.2,0.05,0.25,0.05,0.05,0.2,0.05,CAS23,CAS23,365,1826,FALSE,ABO-CAS,37,FALSE
0.15,0.2,0.1,0,0.25,0.05,0.2,0.05,CAS23,CAS23,365,1826,FALSE,ABO-CAS,38,FALSE
0.15,0.2,0.1,0.05,0.2,0.05,0.2,0.05,CAS23,CAS23,365,1826,FALSE,ABO-CAS,39,FALSE
0.15,0.2,0.1,0.1,0.15,0.05,0.2,0.05,CAS23,CAS23,365,1826,FALSE,ABO-CAS,40,FALSE
0.15,0.2,0.1,0.15,0.1,0.05,0.2,0.05,CAS23,CAS23,365,1826,FALSE,ABO-CAS,41,FALSE
0.15,0.2,0.1,0.2,0.05,0.05,0.2,0.05,CAS23,CAS23,365,1826,FALSE,ABO-CAS,42,FALSE
0.15,0.2,0.15,0,0.2,0.05,0.2,0.05,CAS23,CAS23,365,1826,FALSE,ABO-CAS,43,FALSE
0.15,0.2,0.15,0.05,0.15,0.05,0.2,0.05,CAS23,CAS23,365,1826,FALSE,ABO-CAS,44,FALSE
0.15,0.2,0.15,0.1,0.1,0.05,0.2,0.05,CAS23,CAS23,365,1826,FALSE,ABO-CAS,45,FALSE
0.15,0.2,0.15,0.15,0.05,0.05,0.2,0.05,CAS23,CAS23,365,1826,FALSE,ABO-CAS,46,FALSE
0.15,0.2,0.2,0,0.15,0.05,0.2,0.05,CAS23,CAS23,365,1826,FALSE,ABO-CAS,47,FALSE
0.15,0.2,0.2,0.05,0.1,0.05,0.2,0.05,CAS23,CAS23,365,1826,FALSE,ABO-CAS,48,FALSE
0.15,0.2,0.2,0.1,0.05,0.05,0.2,0.05,CAS23,CAS23,365,1826,FALSE,ABO-CAS,49,FALSE
0.15,0.2,0.25,0,0.1,0.05,0.2,0.05,CAS23,CAS23,365,1826,FALSE,ABO-CAS,50,FALSE
0.15,0.2,0.25,0.05,0.05,0.05,0.2,0.05,CAS23,CAS23,365,1826,FALSE,ABO-CAS,51,FALSE
0.15,0.2,0.3,0,0.05,0.05,0.2,0.05,CAS23,CAS23,365,1826,FALSE,ABO-CAS,52,FALSE
0.15,0.25,0,0,0.3,0.05,0.2,0.05,CAS23,CAS23,365,1826,FALSE,ABO-CAS,53,FALSE
0.15,0.25,0,0.05,0.25,0.05,0.2,0.05,CAS23,CAS23,365,1826,FALSE,ABO-CAS,54,FALSE
0.15,0.25,0,0.1,0.2,0.05,0.2,0.05,CAS23,CAS23,365,1826,FALSE,ABO-CAS,55,FALSE
0.15,0.25,0,0.15,0.15,0.05,0.2,0.05,CAS23,CAS23,365,1826,FALSE,ABO-CAS,56,FALSE
0.15,0.25,0,0.2,0.1,0.05,0.2,0.05,CAS23,CAS23,365,1826,FALSE,ABO-CAS,57,FALSE
0.15,0.25,0,0.25,0.05,0.05,0.2,0.05,CAS23,CAS23,365,1826,FALSE,ABO-CAS,58,FALSE
0.15,0.25,0,0.3,0,0.05,0.2,0.05,CAS23,CAS23,365,1826,FALSE,ABO-CAS,59,FALSE
0.15,0.25,0.05,0,0.25,0.05,0.2,0.05,CAS23,CAS23,365,1826,FALSE,ABO-CAS,60,FALSE
0.15,0.25,0.05,0.05,0.2,0.05,0.2,0.05,CAS23,CAS23,365,1826,FALSE,ABO-CAS,61,FALSE
0.15,0.25,0.05,0.1,0.15,0.05,0.2,0.05,CAS23,CAS23,365,1826,FALSE,ABO-CAS,62,FALSE
0.15,0.25,0.05,0.15,0.1,0.05,0.2,0.05,CAS23,CAS23,365,1826,FALSE,ABO-CAS,63,FALSE
0.15,0.25,0.05,0.2,0.05,0.05,0.2,0.05,CAS23,CAS23,365,1826,FALSE,ABO-CAS,64,FALSE
0.15,0.25,0.05,0.25,0,0.05,0.2,0.05,CAS23,CAS23,365,1826,FALSE,ABO-CAS,65,FALSE
0.15,0.25,0.1,0,0.2,0.05,0.2,0.05,CAS23,CAS23,365,1826,FALSE,ABO-CAS,66,FALSE
0.15,0.25,0.1,0.05,0.15,0.05,0.2,0.05,CAS23,CAS23,365,1826,FALSE,ABO-CAS,67,FALSE
0.15,0.25,0.1,0.1,0.1,0.05,0.2,0.05,CAS23,CAS23,365,1826,FALSE,ABO-CAS,68,FALSE
0.15,0.25,0.1,0.15,0.05,0.05,0.2,0.05,CAS23,CAS23,365,1826,FALSE,ABO-CAS,69,FALSE
0.15,0.25,0.1,0.2,0,0.05,0.2,0.05,CAS23,CAS23,365,1826,FALSE,ABO-CAS,70,FALSE
0.15,0.25,0.15,0,0.15,0.05,0.2,0.05,CAS23,CAS23,365,1826,FALSE,ABO-CAS,71,FALSE
0.15,0.25,0.15,0.05,0.1,0.05,0.2,0.05,CAS23,CAS23,365,1826,FALSE,ABO-CAS,72,FALSE
0.15,0.25,0.15,0.1,0.05,0.05,0.2,0.05,CAS23,CAS23,365,1826,FALSE,ABO-CAS,73,FALSE
0.15,0.25,0.15,0.15,0,0.05,0.2,0.05,CAS23,CAS23,365,1826,FALSE,ABO-CAS,74,FALSE
0.15,0.25,0.2,0,0.1,0.05,0.2,0.05,CAS23,CAS23,365,1826,FALSE,ABO-CAS,75,FALSE
0.15,0.25,0.2,0.05,0.05,0.05,0.2,0.05,CAS23,CAS23,365,1826,FALSE,ABO-CAS,76,FALSE
0.15,0.25,0.2,0.1,0,0.05,0.2,0.05,CAS23,CAS23,365,1826,FALSE,ABO-CAS,77,FALSE
0.15,0.25,0.25,0,0.05,0.05,0.2,0.05,CAS23,CAS23,365,1826,FALSE,ABO-CAS,78,FALSE
0.15,0.25,0.25,0.05,0,0.05,0.2,0.05,CAS23,CAS23,365,1826,FALSE,ABO-CAS,79,FALSE
0.15,0.25,0.3,0,0,0.05,0.2,0.05,CAS23,CAS23,365,1826,FALSE,ABO-CAS,80,FALSE
0.15,0.3,0,0,0.25,0.05,0.2,0.05,CAS23,CAS23,365,1826,FALSE,ABO-CAS,81,FALSE
0.15,0.3,0,0.05,0.2,0.05,0.2,0.05,CAS23,CAS23,365,1826,FALSE,ABO-CAS,82,FALSE
0.15,0.3,0,0.1,0.15,0.05,0.2,0.05,CAS23,CAS23,365,1826,FALSE,ABO-CAS,83,FALSE
0.15,0.3,0,0.15,0.1,0.05,0.2,0.05,CAS23,CAS23,365,1826,FALSE,ABO-CAS,84,FALSE
0.15,0.3,0,0.2,0.05,0.05,0.2,0.05,CAS23,CAS23,365,1826,FALSE,ABO-CAS,85,FALSE
0.15,0.3,0,0.25,0,0.05,0.2,0.05,CAS23,CAS23,365,1826,FALSE,ABO-CAS,86,FALSE
0.15,0.3,0.05,0,0.2,0.05,0.2,0.05,CAS23,CAS23,365,1826,FALSE,ABO-CAS,87,FALSE
0.15,0.3,0.05,0.05,0.15,0.05,0.2,0.05,CAS23,CAS23,365,1826,FALSE,ABO-CAS,88,FALSE
0.15,0.3,0.05,0.1,0.1,0.05,0.2,0.05,CAS23,CAS23,365,1826,FALSE,ABO-CAS,89,FALSE
0.15,0.3,0.05,0.15,0.05,0.05,0.2,0.05,CAS23,CAS23,365,1826,FALSE,ABO-CAS,90,FALSE
0.15,0.3,0.05,0.2,0,0.05,0.2,0.05,CAS23,CAS23,365,1826,FALSE,ABO-CAS,91,FALSE
0.15,0.3,0.1,0,0.15,0.05,0.2,0.05,CAS23,CAS23,365,1826,FALSE,ABO-CAS,92,FALSE
0.15,0.3,0.1,0.05,0.1,0.05,0.2,0.05,CAS23,CAS23,365,1826,FALSE,ABO-CAS,93,FALSE
0.15,0.3,0.1,0.1,0.05,0.05,0.2,0.05,CAS23,CAS23,365,1826,FALSE,ABO-CAS,94,FALSE
0.15,0.3,0.1,0.15,0,0.05,0.2,0.05,CAS23,CAS23,365,1826,FALSE,ABO-CAS,95,FALSE
0.15,0.3,0.15,0,0.1,0.05,0.2,0.05,CAS23,CAS23,365,1826,FALSE,ABO-CAS,96,FALSE
0.15,0.3,0.15,0.05,0.05,0.05,0.2,0.05,CAS23,CAS23,365,1826,FALSE,ABO-CAS,97,FALSE
0.15,0.3,0.15,0.1,0,0.05,0.2,0.05,CAS23,CAS23,365,1826,FALSE,ABO-CAS,98,FALSE
0.15,0.3,0.2,0,0.05,0.05,0.2,0.05,CAS23,CAS23,365,1826,FALSE,ABO-CAS,99,FALSE
0.15,0.3,0.2,0.05,0,0.05,0.2,0.05,CAS23,CAS23,365,1826,FALSE,ABO-CAS,100,FALSE
0.15,0.3,0.25,0,0,0.05,0.2,0.05,CAS23,CAS23,365,1826,FALSE,ABO-CAS,101,FALSE
0.15,0.35,0,0,0.2,0.05,0.2,0.05,CAS23,CAS23,365,1826,FALSE,ABO-CAS,102,FALSE
0.15,0.35,0,0.05,0.15,0.05,0.2,0.05,CAS23,CAS23,365,1826,FALSE,ABO-CAS,103,FALSE
0.15,0.35,0,0.1,0.1,0.05,0.2,0.05,CAS23,CAS23,365,1826,FALSE,ABO-CAS,104,FALSE
0.15,0.35,0,0.15,0.05,0.05,0.2,0.05,CAS23,CAS23,365,1826,FALSE,ABO-CAS,105,FALSE
0.15,0.35,0,0.2,0,0.05,0.2,0.05,CAS23,CAS23,365,1826,FALSE,ABO-CAS,106,FALSE
0.15,0.35,0.05,0,0.15,0.05,0.2,0.05,CAS23,CAS23,365,1826,FALSE,ABO-CAS,107,FALSE
0.15,0.35,0.05,0.05,0.1,0.05,0.2,0.05,CAS23,CAS23,365,1826,FALSE,ABO-CAS,108,FALSE
0.15,0.35,0.05,0.1,0.05,0.05,0.2,0.05,CAS23,CAS23,365,1826,FALSE,ABO-CAS,109,FALSE
0.15,0.35,0.05,0.15,0,0.05,0.2,0.05,CAS23,CAS23,365,1826,FALSE,ABO-CAS,110,FALSE
0.15,0.35,0.1,0,0.1,0.05,0.2,0.05,CAS23,CAS23,365,1826,FALSE,ABO-CAS,111,FALSE
0.15,0.35,0.1,0.05,0.05,0.05,0.2,0.05,CAS23,CAS23,365,1826,FALSE,ABO-CAS,112,FALSE
0.15,0.35,0.1,0.1,0,0.05,0.2,0.05,CAS23,CAS23,365,1826,FALSE,ABO-CAS,113,FALSE
0.15,0.35,0.15,0,0.05,0.05,0.2,0.05,CAS23,CAS23,365,1826,FALSE,ABO-CAS,114,FALSE
0.15,0.35,0.15,0.05,0,0.05,0.2,0.05,CAS23,CAS23,365,1826,FALSE,ABO-CAS,115,FALSE
0.15,0.35,0.2,0,0,0.05,0.2,0.05,CAS23,CAS23,365,1826,FALSE,ABO-CAS,116,FALSE
0.2,0.15,0,0.05,0.3,0.05,0.2,0.05,CAS23,CAS23,365,1826,FALSE,ABO-CAS,117,FALSE
0.2,0.15,0,0.1,0.25,0.05,0.2,0.05,CAS23,CAS23,365,1826,FALSE,ABO-CAS,118,FALSE
0.2,0.15,0,0.15,0.2,0.05,0.2,0.05,CAS23,CAS23,365,1826,FALSE,ABO-CAS,119,FALSE
0.2,0.15,0,0.2,0.15,0.05,0.2,0.05,CAS23,CAS23,365,1826,FALSE,ABO-CAS,120,FALSE
0.2,0.15,0,0.25,0.1,0.05,0.2,0.05,CAS23,CAS23,365,1826,FALSE,ABO-CAS,121,FALSE
0.2,0.15,0,0.3,0.05,0.05,0.2,0.05,CAS23,CAS23,365,1826,FALSE,ABO-CAS,122,FALSE
0.2,0.15,0.05,0,0.3,0.05,0.2,0.05,CAS23,CAS23,365,1826,FALSE,ABO-CAS,123,FALSE
0.2,0.15,0.05,0.05,0.25,0.05,0.2,0.05,CAS23,CAS23,365,1826,FALSE,ABO-CAS,124,FALSE
0.2,0.15,0.05,0.1,0.2,0.05,0.2,0.05,CAS23,CAS23,365,1826,FALSE,ABO-CAS,125,FALSE
0.2,0.15,0.05,0.15,0.15,0.05,0.2,0.05,CAS23,CAS23,365,1826,FALSE,ABO-CAS,126,FALSE
0.2,0.15,0.05,0.2,0.1,0.05,0.2,0.05,CAS23,CAS23,365,1826,FALSE,ABO-CAS,127,FALSE
0.2,0.15,0.05,0.25,0.05,0.05,0.2,0.05,CAS23,CAS23,365,1826,FALSE,ABO-CAS,128,FALSE
0.2,0.15,0.1,0,0.25,0.05,0.2,0.05,CAS23,CAS23,365,1826,FALSE,ABO-CAS,129,FALSE
0.2,0.15,0.1,0.05,0.2,0.05,0.2,0.05,CAS23,CAS23,365,1826,FALSE,ABO-CAS,130,FALSE
0.2,0.15,0.1,0.1,0.15,0.05,0.2,0.05,CAS23,CAS23,365,1826,FALSE,ABO-CAS,131,FALSE
0.2,0.15,0.1,0.15,0.1,0.05,0.2,0.05,CAS23,CAS23,365,1826,FALSE,ABO-CAS,132,FALSE
0.2,0.15,0.1,0.2,0.05,0.05,0.2,0.05,CAS23,CAS23,365,1826,FALSE,ABO-CAS,133,FALSE
0.2,0.15,0.15,0,0.2,0.05,0.2,0.05,CAS23,CAS23,365,1826,FALSE,ABO-CAS,134,FALSE
0.2,0.15,0.15,0.05,0.15,0.05,0.2,0.05,CAS23,CAS23,365,1826,FALSE,ABO-CAS,135,FALSE
0.2,0.15,0.15,0.1,0.1,0.05,0.2,0.05,CAS23,CAS23,365,1826,FALSE,ABO-CAS,136,FALSE
0.2,0.15,0.15,0.15,0.05,0.05,0.2,0.05,CAS23,CAS23,365,1826,FALSE,ABO-CAS,137,FALSE
0.2,0.15,0.2,0,0.15,0.05,0.2,0.05,CAS23,CAS23,365,1826,FALSE,ABO-CAS,138,FALSE
0.2,0.15,0.2,0.05,0.1,0.05,0.2,0.05,CAS23,CAS23,365,1826,FALSE,ABO-CAS,139,FALSE
0.2,0.15,0.2,0.1,0.05,0.05,0.2,0.05,CAS23,CAS23,365,1826,FALSE,ABO-CAS,140,FALSE
0.2,0.15,0.25,0,0.1,0.05,0.2,0.05,CAS23,CAS23,365,1826,FALSE,ABO-CAS,141,FALSE
0.2,0.15,0.25,0.05,0.05,0.05,0.2,0.05,CAS23,CAS23,365,1826,FALSE,ABO-CAS,142,FALSE
0.2,0.15,0.3,0,0.05,0.05,0.2,0.05,CAS23,CAS23,365,1826,FALSE,ABO-CAS,143,FALSE
0.2,0.2,0,0,0.3,0.05,0.2,0.05,CAS23,CAS23,365,1826,FALSE,ABO-CAS,144,FALSE
0.2,0.2,0,0.05,0.25,0.05,0.2,0.05,CAS23,CAS23,365,1826,FALSE,ABO-CAS,145,FALSE
0.2,0.2,0,0.1,0.2,0.05,0.2,0.05,CAS23,CAS23,365,1826,FALSE,ABO-CAS,146,FALSE
0.2,0.2,0,0.15,0.15,0.05,0.2,0.05,CAS23,CAS23,365,1826,FALSE,ABO-CAS,147,FALSE
0.2,0.2,0,0.2,0.1,0.05,0.2,0.05,CAS23,CAS23,365,1826,FALSE,ABO-CAS,148,FALSE
0.2,0.2,0,0.25,0.05,0.05,0.2,0.05,CAS23,CAS23,365,1826,FALSE,ABO-CAS,149,FALSE
0.2,0.2,0,0.3,0,0.05,0.2,0.05,CAS23,CAS23,365,1826,FALSE,ABO-CAS,150,FALSE
0.2,0.2,0.05,0,0.25,0.05,0.2,0.05,CAS23,CAS23,365,1826,FALSE,ABO-CAS,151,FALSE
0.2,0.2,0.05,0.05,0.2,0.05,0.2,0.05,CAS23,CAS23,365,1826,FALSE,ABO-CAS,152,FALSE
0.2,0.2,0.05,0.1,0.15,0.05,0.2,0.05,CAS23,CAS23,365,1826,FALSE,ABO-CAS,153,FALSE
0.2,0.2,0.05,0.15,0.1,0.05,0.2,0.05,CAS23,CAS23,365,1826,FALSE,ABO-CAS,154,FALSE
0.2,0.2,0.05,0.2,0.05,0.05,0.2,0.05,CAS23,CAS23,365,1826,FALSE,ABO-CAS,155,FALSE
0.2,0.2,0.05,0.25,0,0.05,0.2,0.05,CAS23,CAS23,365,1826,FALSE,ABO-CAS,156,FALSE
0.2,0.2,0.1,0,0.2,0.05,0.2,0.05,CAS23,CAS23,365,1826,FALSE,ABO-CAS,157,FALSE
0.2,0.2,0.1,0.05,0.15,0.05,0.2,0.05,CAS23,CAS23,365,1826,FALSE,ABO-CAS,158,FALSE
0.2,0.2,0.1,0.1,0.1,0.05,0.2,0.05,CAS23,CAS23,365,1826,FALSE,ABO-CAS,159,FALSE
0.2,0.2,0.1,0.15,0.05,0.05,0.2,0.05,CAS23,CAS23,365,1826,FALSE,ABO-CAS,160,FALSE
0.2,0.2,0.1,0.2,0,0.05,0.2,0.05,CAS23,CAS23,365,1826,FALSE,ABO-CAS,161,FALSE
0.2,0.2,0.15,0,0.15,0.05,0.2,0.05,CAS23,CAS23,365,1826,FALSE,ABO-CAS,162,FALSE
0.2,0.2,0.15,0.05,0.1,0.05,0.2,0.05,CAS23,CAS23,365,1826,FALSE,ABO-CAS,163,FALSE
0.2,0.2,0.15,0.1,0.05,0.05,0.2,0.05,CAS23,CAS23,365,1826,FALSE,ABO-CAS,164,FALSE
0.2,0.2,0.15,0.15,0,0.05,0.2,0.05,CAS23,CAS23,365,1826,FALSE,ABO-CAS,165,FALSE
0.2,0.2,0.2,0,0.1,0.05,0.2,0.05,CAS23,CAS23,365,1826,FALSE,ABO-CAS,166,FALSE
0.2,0.2,0.2,0.05,0.05,0.05,0.2,0.05,CAS23,CAS23,365,1826,FALSE,ABO-CAS,167,FALSE
0.2,0.2,0.2,0.1,0,0.05,0.2,0.05,CAS23,CAS23,365,1826,FALSE,ABO-CAS,168,FALSE
0.2,0.2,0.25,0,0.05,0.05,0.2,0.05,CAS23,CAS23,365,1826,FALSE,ABO-CAS,169,FALSE
0.2,0.2,0.25,0.05,0,0.05,0.2,0.05,CAS23,CAS23,365,1826,FALSE,ABO-CAS,170,FALSE
0.2,0.2,0.3,0,0,0.05,0.2,0.05,CAS23,CAS23,365,1826,FALSE,ABO-CAS,171,FALSE
0.2,0.25,0,0,0.25,0.05,0.2,0.05,CAS23,CAS23,365,1826,FALSE,ABO-CAS,172,FALSE
0.2,0.25,0,0.05,0.2,0.05,0.2,0.05,CAS23,CAS23,365,1826,FALSE,ABO-CAS,173,FALSE
0.2,0.25,0,0.1,0.15,0.05,0.2,0.05,CAS23,CAS23,365,1826,FALSE,ABO-CAS,174,FALSE
0.2,0.25,0,0.15,0.1,0.05,0.2,0.05,CAS23,CAS23,365,1826,FALSE,ABO-CAS,175,FALSE
0.2,0.25,0,0.2,0.05,0.05,0.2,0.05,CAS23,CAS23,365,1826,FALSE,ABO-CAS,176,FALSE
0.2,0.25,0,0.25,0,0.05,0.2,0.05,CAS23,CAS23,365,1826,FALSE,ABO-CAS,177,FALSE
0.2,0.25,0.05,0,0.2,0.05,0.2,0.05,CAS23,CAS23,365,1826,FALSE,ABO-CAS,178,FALSE
0.2,0.25,0.05,0.05,0.15,0.05,0.2,0.05,CAS23,CAS23,365,1826,FALSE,ABO-CAS,179,FALSE
0.2,0.25,0.05,0.1,0.1,0.05,0.2,0.05,CAS23,CAS23,365,1826,FALSE,ABO-CAS,180,FALSE
0.2,0.25,0.05,0.15,0.05,0.05,0.2,0.05,CAS23,CAS23,365,1826,FALSE,ABO-CAS,181,FALSE
0.2,0.25,0.05,0.2,0,0.05,0.2,0.05,CAS23,CAS23,365,1826,FALSE,ABO-CAS,182,FALSE
0.2,0.25,0.1,0,0.15,0.05,0.2,0.05,CAS23,CAS23,365,1826,FALSE,ABO-CAS,183,FALSE
0.2,0.25,0.1,0.05,0.1,0.05,0.2,0.05,CAS23,CAS23,365,1826,FALSE,ABO-CAS,184,FALSE
0.2,0.25,0.1,0.1,0.05,0.05,0.2,0.05,CAS23,CAS23,365,1826,FALSE,ABO-CAS,185,FALSE
0.2,0.25,0.1,0.15,0,0.05,0.2,0.05,CAS23,CAS23,365,1826,FALSE,ABO-CAS,186,FALSE
0.2,0.25,0.15,0,0.1,0.05,0.2,0.05,CAS23,CAS23,365,1826,FALSE,ABO-CAS,187,FALSE
0.2,0.25,0.15,0.05,0.05,0.05,0.2,0.05,CAS23,CAS23,365,1826,FALSE,ABO-CAS,188,FALSE
0.2,0.25,0.15,0.1,0,0.05,0.2,0.05,CAS23,CAS23,365,1826,FALSE,ABO-CAS,189,FALSE
0.2,0.25,0.2,0,0.05,0.05,0.2,0.05,CAS23,CAS23,365,1826,FALSE,ABO-CAS,190,FALSE
0.2,0.25,0.2,0.05,0,0.05,0.2,0.05,CAS23,CAS23,365,1826,FALSE,ABO-CAS,191,FALSE
0.2,0.25,0.25,0,0,0.05,0.2,0.05,CAS23,CAS23,365,1826,FALSE,ABO-CAS,192,FALSE
0.2,0.3,0,0,0.2,0.05,0.2,0.05,CAS23,CAS23,365,1826,FALSE,ABO-CAS,193,FALSE
0.2,0.3,0,0.05,0.15,0.05,0.2,0.05,CAS23,CAS23,365,1826,FALSE,ABO-CAS,194,FALSE
0.2,0.3,0,0.1,0.1,0.05,0.2,0.05,CAS23,CAS23,365,1826,FALSE,ABO-CAS,195,FALSE
0.2,0.3,0,0.15,0.05,0.05,0.2,0.05,CAS23,CAS23,365,1826,FALSE,ABO-CAS,196,FALSE
0.2,0.3,0,0.2,0,0.05,0.2,0.05,CAS23,CAS23,365,1826,FALSE,ABO-CAS,197,FALSE
0.2,0.3,0.05,0,0.15,0.05,0.2,0.05,CAS23,CAS23,365,1826,FALSE,ABO-CAS,198,FALSE
0.2,0.3,0.05,0.05,0.1,0.05,0.2,0.05,CAS23,CAS23,365,1826,FALSE,ABO-CAS,199,FALSE
0.2,0.3,0.05,0.1,0.05,0.05,0.2,0.05,CAS23,CAS23,365,1826,FALSE,ABO-CAS,200,FALSE
0.2,0.3,0.05,0.15,0,0.05,0.2,0.05,CAS23,CAS23,365,1826,FALSE,ABO-CAS,201,FALSE
0.2,0.3,0.1,0,0.1,0.05,0.2,0.05,CAS23,CAS23,365,1826,FALSE,ABO-CAS,202,FALSE
0.2,0.3,0.1,0.05,0.05,0.05,0.2,0.05,CAS23,CAS23,365,1826,FALSE,ABO-CAS,203,FALSE
0.2,0.3,0.1,0.1,0,0.05,0.2,0.05,CAS23,CAS23,365,1826,FALSE,ABO-CAS,204,FALSE
0.2,0.3,0.15,0,0.05,0.05,0.2,0.05,CAS23,CAS23,365,1826,FALSE,ABO-CAS,205,FALSE
0.2,0.3,0.15,0.05,0,0.05,0.2,0.05,CAS23,CAS23,365,1826,FALSE,ABO-CAS,206,FALSE
0.2,0.3,0.2,0,0,0.05,0.2,0.05,CAS23,CAS23,365,1826,FALSE,ABO-CAS,207,FALSE
0.2,0.35,0,0,0.15,0.05,0.2,0.05,CAS23,CAS23,365,1826,FALSE,ABO-CAS,208,FALSE
0.2,0.35,0,0.05,0.1,0.05,0.2,0.05,CAS23,CAS23,365,1826,FALSE,ABO-CAS,209,FALSE
0.2,0.35,0,0.1,0.05,0.05,0.2,0.05,CAS23,CAS23,365,1826,FALSE,ABO-CAS,210,FALSE
0.2,0.35,0,0.15,0,0.05,0.2,0.05,CAS23,CAS23,365,1826,FALSE,ABO-CAS,211,FALSE
0.2,0.35,0.05,0,0.1,0.05,0.2,0.05,CAS23,CAS23,365,1826,FALSE,ABO-CAS,212,FALSE
0.2,0.35,0.05,0.05,0.05,0.05,0.2,0.05,CAS23,CAS23,365,1826,FALSE,ABO-CAS,213,FALSE
0.2,0.35,0.05,0.1,0,0.05,0.2,0.05,CAS23,CAS23,365,1826,FALSE,ABO-CAS,214,FALSE
0.2,0.35,0.1,0,0.05,0.05,0.2,0.05,CAS23,CAS23,365,1826,FALSE,ABO-CAS,215,FALSE
0.2,0.35,0.1,0.05,0,0.05,0.2,0.05,CAS23,CAS23,365,1826,FALSE,ABO-CAS,216,FALSE
0.2,0.35,0.15,0,0,0.05,0.2,0.05,CAS23,CAS23,365,1826,FALSE,ABO-CAS,217,FALSE
0.25,0.15,0,0,0.3,0.05,0.2,0.05,CAS23,CAS23,365,1826,FALSE,ABO-CAS,218,FALSE
0.25,0.15,0,0.05,0.25,0.05,0.2,0.05,CAS23,CAS23,365,1826,FALSE,ABO-CAS,219,FALSE
0.25,0.15,0,0.1,0.2,0.05,0.2,0.05,CAS23,CAS23,365,1826,FALSE,ABO-CAS,220,FALSE
0.25,0.15,0,0.15,0.15,0.05,0.2,0.05,CAS23,CAS23,365,1826,FALSE,ABO-CAS,221,FALSE
0.25,0.15,0,0.2,0.1,0.05,0.2,0.05,CAS23,CAS23,365,1826,FALSE,ABO-CAS,222,FALSE
0.25,0.15,0,0.25,0.05,0.05,0.2,0.05,CAS23,CAS23,365,1826,FALSE,ABO-CAS,223,FALSE
0.25,0.15,0,0.3,0,0.05,0.2,0.05,CAS23,CAS23,365,1826,FALSE,ABO-CAS,224,FALSE
0.25,0.15,0.05,0,0.25,0.05,0.2,0.05,CAS23,CAS23,365,1826,FALSE,ABO-CAS,225,FALSE
0.25,0.15,0.05,0.05,0.2,0.05,0.2,0.05,CAS23,CAS23,365,1826,FALSE,ABO-CAS,226,FALSE
0.25,0.15,0.05,0.1,0.15,0.05,0.2,0.05,CAS23,CAS23,365,1826,FALSE,ABO-CAS,227,FALSE
0.25,0.15,0.05,0.15,0.1,0.05,0.2,0.05,CAS23,CAS23,365,1826,FALSE,ABO-CAS,228,FALSE
0.25,0.15,0.05,0.2,0.05,0.05,0.2,0.05,CAS23,CAS23,365,1826,FALSE,ABO-CAS,229,FALSE
0.25,0.15,0.05,0.25,0,0.05,0.2,0.05,CAS23,CAS23,365,1826,FALSE,ABO-CAS,230,FALSE
0.25,0.15,0.1,0,0.2,0.05,0.2,0.05,CAS23,CAS23,365,1826,FALSE,ABO-CAS,231,FALSE
0.25,0.15,0.1,0.05,0.15,0.05,0.2,0.05,CAS23,CAS23,365,1826,FALSE,ABO-CAS,232,FALSE
0.25,0.15,0.1,0.1,0.1,0.05,0.2,0.05,CAS23,CAS23,365,1826,FALSE,ABO-CAS,233,FALSE
0.25,0.15,0.1,0.15,0.05,0.05,0.2,0.05,CAS23,CAS23,365,1826,FALSE,ABO-CAS,234,FALSE
0.25,0.15,0.1,0.2,0,0.05,0.2,0.05,CAS23,CAS23,365,1826,FALSE,ABO-CAS,235,FALSE
0.25,0.15,0.15,0,0.15,0.05,0.2,0.05,CAS23,CAS23,365,1826,FALSE,ABO-CAS,236,FALSE
0.25,0.15,0.15,0.05,0.1,0.05,0.2,0.05,CAS23,CAS23,365,1826,FALSE,ABO-CAS,237,FALSE
0.25,0.15,0.15,0.1,0.05,0.05,0.2,0.05,CAS23,CAS23,365,1826,FALSE,ABO-CAS,238,FALSE
0.25,0.15,0.15,0.15,0,0.05,0.2,0.05,CAS23,CAS23,365,1826,FALSE,ABO-CAS,239,FALSE
0.25,0.15,0.2,0,0.1,0.05,0.2,0.05,CAS23,CAS23,365,1826,FALSE,ABO-CAS,240,FALSE
0.25,0.15,0.2,0.05,0.05,0.05,0.2,0.05,CAS23,CAS23,365,1826,FALSE,ABO-CAS,241,FALSE
0.25,0.15,0.2,0.1,0,0.05,0.2,0.05,CAS23,CAS23,365,1826,FALSE,ABO-CAS,242,FALSE
0.25,0.15,0.25,0,0.05,0.05,0.2,0.05,CAS23,CAS23,365,1826,FALSE,ABO-CAS,243,FALSE
0.25,0.15,0.25,0.05,0,0.05,0.2,0.05,CAS23,CAS23,365,1826,FALSE,ABO-CAS,244,FALSE
0.25,0.15,0.3,0,0,0.05,0.2,0.05,CAS23,CAS23,365,1826,FALSE,ABO-CAS,245,FALSE
0.25,0.2,0,0,0.25,0.05,0.2,0.05,CAS23,CAS23,365,1826,FALSE,ABO-CAS,246,FALSE
0.25,0.2,0,0.05,0.2,0.05,0.2,0.05,CAS23,CAS23,365,1826,FALSE,ABO-CAS,247,FALSE
0.25,0.2,0,0.1,0.15,0.05,0.2,0.05,CAS23,CAS23,365,1826,FALSE,ABO-CAS,248,FALSE
0.25,0.2,0,0.15,0.1,0.05,0.2,0.05,CAS23,CAS23,365,1826,FALSE,ABO-CAS,249,FALSE
0.25,0.2,0,0.2,0.05,0.05,0.2,0.05,CAS23,CAS23,365,1826,FALSE,ABO-CAS,250,FALSE
0.25,0.2,0,0.25,0,0.05,0.2,0.05,CAS23,CAS23,365,1826,FALSE,ABO-CAS,251,FALSE
0.25,0.2,0.05,0,0.2,0.05,0.2,0.05,CAS23,CAS23,365,1826,FALSE,ABO-CAS,252,FALSE
0.25,0.2,0.05,0.05,0.15,0.05,0.2,0.05,CAS23,CAS23,365,1826,FALSE,ABO-CAS,253,FALSE
0.25,0.2,0.05,0.1,0.1,0.05,0.2,0.05,CAS23,CAS23,365,1826,FALSE,ABO-CAS,254,FALSE
0.25,0.2,0.05,0.15,0.05,0.05,0.2,0.05,CAS23,CAS23,365,1826,FALSE,ABO-CAS,255,FALSE
0.25,0.2,0.05,0.2,0,0.05,0.2,0.05,CAS23,CAS23,365,1826,FALSE,ABO-CAS,256,FALSE
0.25,0.2,0.1,0,0.15,0.05,0.2,0.05,CAS23,CAS23,365,1826,FALSE,ABO-CAS,257,FALSE
0.25,0.2,0.1,0.05,0.1,0.05,0.2,0.05,CAS23,CAS23,365,1826,FALSE,ABO-CAS,258,FALSE
0.25,0.2,0.1,0.1,0.05,0.05,0.2,0.05,CAS23,CAS23,365,1826,FALSE,ABO-CAS,259,FALSE
0.25,0.2,0.1,0.15,0,0.05,0.2,0.05,CAS23,CAS23,365,1826,FALSE,ABO-CAS,260,FALSE
0.25,0.2,0.15,0,0.1,0.05,0.2,0.05,CAS23,CAS23,365,1826,FALSE,ABO-CAS,261,FALSE
0.25,0.2,0.15,0.05,0.05,0.05,0.2,0.05,CAS23,CAS23,365,1826,FALSE,ABO-CAS,262,FALSE
0.25,0.2,0.15,0.1,0,0.05,0.2,0.05,CAS23,CAS23,365,1826,FALSE,ABO-CAS,263,FALSE
0.25,0.2,0.2,0,0.05,0.05,0.2,0.05,CAS23,CAS23,365,1826,FALSE,ABO-CAS,264,FALSE
0.25,0.2,0.2,0.05,0,0.05,0.2,0.05,CAS23,CAS23,365,1826,FALSE,ABO-CAS,265,FALSE
0.25,0.2,0.25,0,0,0.05,0.2,0.05,CAS23,CAS23,365,1826,FALSE,ABO-CAS,266,FALSE
0.25,0.25,0,0,0.2,0.05,0.2,0.05,CAS23,CAS23,365,1826,FALSE,ABO-CAS,267,FALSE
0.25,0.25,0,0.05,0.15,0.05,0.2,0.05,CAS23,CAS23,365,1826,FALSE,ABO-CAS,268,FALSE
0.25,0.25,0,0.1,0.1,0.05,0.2,0.05,CAS23,CAS23,365,1826,FALSE,ABO-CAS,269,FALSE
0.25,0.25,0,0.15,0.05,0.05,0.2,0.05,CAS23,CAS23,365,1826,FALSE,ABO-CAS,270,FALSE
0.25,0.25,0,0.2,0,0.05,0.2,0.05,CAS23,CAS23,365,1826,FALSE,ABO-CAS,271,FALSE
0.25,0.25,0.05,0,0.15,0.05,0.2,0.05,CAS23,CAS23,365,1826,FALSE,ABO-CAS,272,FALSE
0.25,0.25,0.05,0.05,0.1,0.05,0.2,0.05,CAS23,CAS23,365,1826,FALSE,ABO-CAS,273,TRUE
0.25,0.25,0.05,0.1,0.05,0.05,0.2,0.05,CAS23,CAS23,365,1826,FALSE,ABO-CAS,274,FALSE
0.25,0.25,0.05,0.15,0,0.05,0.2,0.05,CAS23,CAS23,365,1826,FALSE,ABO-CAS,275,FALSE
0.25,0.25,0.1,0,0.1,0.05,0.2,0.05,CAS23,CAS23,365,1826,FALSE,ABO-CAS,276,FALSE
0.25,0.25,0.1,0.05,0.05,0.05,0.2,0.05,CAS23,CAS23,365,1826,FALSE,ABO-CAS,277,FALSE
0.25,0.25,0.1,0.1,0,0.05,0.2,0.05,CAS23,CAS23,365,1826,FALSE,ABO-CAS,278,FALSE
0.25,0.25,0.15,0,0.05,0.05,0.2,0.05,CAS23,CAS23,365,1826,FALSE,ABO-CAS,279,FALSE
0.25,0.25,0.15,0.05,0,0.05,0.2,0.05,CAS23,CAS23,365,1826,FALSE,ABO-CAS,280,FALSE
0.25,0.25,0.2,0,0,0.05,0.2,0.05,CAS23,CAS23,365,1826,FALSE,ABO-CAS,281,FALSE
0.25,0.3,0,0,0.15,0.05,0.2,0.05,CAS23,CAS23,365,1826,FALSE,ABO-CAS,282,FALSE
0.25,0.3,0,0.05,0.1,0.05,0.2,0.05,CAS23,CAS23,365,1826,FALSE,ABO-CAS,283,FALSE
0.25,0.3,0,0.1,0.05,0.05,0.2,0.05,CAS23,CAS23,365,1826,FALSE,ABO-CAS,284,FALSE
0.25,0.3,0,0.15,0,0.05,0.2,0.05,CAS23,CAS23,365,1826,FALSE,ABO-CAS,285,FALSE
0.25,0.3,0.05,0,0.1,0.05,0.2,0.05,CAS23,CAS23,365,1826,FALSE,ABO-CAS,286,FALSE
0.25,0.3,0.05,0.05,0.05,0.05,0.2,0.05,CAS23,CAS23,365,1826,FALSE,ABO-CAS,287,FALSE
0.25,0.3,0.05,0.1,0,0.05,0.2,0.05,CAS23,CAS23,365,1826,FALSE,ABO-CAS,288,FALSE
0.25,0.3,0.1,0,0.05,0.05,0.2,0.05,CAS23,CAS23,365,1826,FALSE,ABO-CAS,289,FALSE
0.25,0.3,0.1,0.05,0,0.05,0.2,0.05,CAS23,CAS23,365,1826,FALSE,ABO-CAS,290,FALSE
0.25,0.3,0.15,0,0,0.05,0.2,0.05,CAS23,CAS23,365,1826,FALSE,ABO-CAS,291,FALSE
0.25,0.35,0,0,0.1,0.05,0.2,0.05,CAS23,CAS23,365,1826,FALSE,ABO-CAS,292,FALSE
0.25,0.35,0,0.05,0.05,0.05,0.2,0.05,CAS23,CAS23,365,1826,FALSE,ABO-CAS,293,FALSE
0.25,0.35,0,0.1,0,0.05,0.2,0.05,CAS23,CAS23,365,1826,FALSE,ABO-CAS,294,FALSE
0.25,0.35,0.05,0,0.05,0.05,0.2,0.05,CAS23,CAS23,365,1826,FALSE,ABO-CAS,295,FALSE
0.25,0.35,0.05,0.05,0,0.05,0.2,0.05,CAS23,CAS23,365,1826,FALSE,ABO-CAS,296,FALSE
0.25,0.35,0.1,0,0,0.05,0.2,0.05,CAS23,CAS23,365,1826,FALSE,ABO-CAS,297,FALSE
0.3,0.15,0,0,0.25,0.05,0.2,0.05,CAS23,CAS23,365,1826,FALSE,ABO-CAS,298,FALSE
0.3,0.15,0,0.05,0.2,0.05,0.2,0.05,CAS23,CAS23,365,1826,FALSE,ABO-CAS,299,FALSE
0.3,0.15,0,0.1,0.15,0.05,0.2,0.05,CAS23,CAS23,365,1826,FALSE,ABO-CAS,300,FALSE
0.3,0.15,0,0.15,0.1,0.05,0.2,0.05,CAS23,CAS23,365,1826,FALSE,ABO-CAS,301,FALSE
0.3,0.15,0,0.2,0.05,0.05,0.2,0.05,CAS23,CAS23,365,1826,FALSE,ABO-CAS,302,FALSE
0.3,0.15,0,0.25,0,0.05,0.2,0.05,CAS23,CAS23,365,1826,FALSE,ABO-CAS,303,FALSE
0.3,0.15,0.05,0,0.2,0.05,0.2,0.05,CAS23,CAS23,365,1826,FALSE,ABO-CAS,304,FALSE
0.3,0.15,0.05,0.05,0.15,0.05,0.2,0.05,CAS23,CAS23,365,1826,FALSE,ABO-CAS,305,FALSE
0.3,0.15,0.05,0.1,0.1,0.05,0.2,0.05,CAS23,CAS23,365,1826,FALSE,ABO-CAS,306,FALSE
0.3,0.15,0.05,0.15,0.05,0.05,0.2,0.05,CAS23,CAS23,365,1826,FALSE,ABO-CAS,307,FALSE
0.3,0.15,0.05,0.2,0,0.05,0.2,0.05,CAS23,CAS23,365,1826,FALSE,ABO-CAS,308,FALSE
0.3,0.15,0.1,0,0.15,0.05,0.2,0.05,CAS23,CAS23,365,1826,FALSE,ABO-CAS,309,FALSE
0.3,0.15,0.1,0.05,0.1,0.05,0.2,0.05,CAS23,CAS23,365,1826,FALSE,ABO-CAS,310,FALSE
0.3,0.15,0.1,0.1,0.05,0.05,0.2,0.05,CAS23,CAS23,365,1826,FALSE,ABO-CAS,311,FALSE
0.3,0.15,0.1,0.15,0,0.05,0.2,0.05,CAS23,CAS23,365,1826,FALSE,ABO-CAS,312,FALSE
0.3,0.15,0.15,0,0.1,0.05,0.2,0.05,CAS23,CAS23,365,1826,FALSE,ABO-CAS,313,FALSE
0.3,0.15,0.15,0.05,0.05,0.05,0.2,0.05,CAS23,CAS23,365,1826,FALSE,ABO-CAS,314,FALSE
0.3,0.15,0.15,0.1,0,0.05,0.2,0.05,CAS23,CAS23,365,1826,FALSE,ABO-CAS,315,FALSE
0.3,0.15,0.2,0,0.05,0.05,0.2,0.05,CAS23,CAS23,365,1826,FALSE,ABO-CAS,316,FALSE
0.3,0.15,0.2,0.05,0,0.05,0.2,0.05,CAS23,CAS23,365,1826,FALSE,ABO-CAS,317,FALSE
0.3,0.15,0.25,0,0,0.05,0.2,0.05,CAS23,CAS23,365,1826,FALSE,ABO-CAS,318,FALSE
0.3,0.2,0,0,0.2,0.05,0.2,0.05,CAS23,CAS23,365,1826,FALSE,ABO-CAS,319,FALSE
0.3,0.2,0,0.05,0.15,0.05,0.2,0.05,CAS23,CAS23,365,1826,FALSE,ABO-CAS,320,FALSE
0.3,0.2,0,0.1,0.1,0.05,0.2,0.05,CAS23,CAS23,365,1826,FALSE,ABO-CAS,321,FALSE
0.3,0.2,0,0.15,0.05,0.05,0.2,0.05,CAS23,CAS23,365,1826,FALSE,ABO-CAS,322,FALSE
0.3,0.2,0,0.2,0,0.05,0.2,0.05,CAS23,CAS23,365,1826,FALSE,ABO-CAS,323,FALSE
0.3,0.2,0.05,0,0.15,0.05,0.2,0.05,CAS23,CAS23,365,1826,FALSE,ABO-CAS,324,FALSE
0.3,0.2,0.05,0.05,0.1,0.05,0.2,0.05,CAS23,CAS23,365,1826,FALSE,ABO-CAS,325,FALSE
0.3,0.2,0.05,0.1,0.05,0.05,0.2,0.05,CAS23,CAS23,365,1826,FALSE,ABO-CAS,326,FALSE
0.3,0.2,0.05,0.15,0,0.05,0.2,0.05,CAS23,CAS23,365,1826,FALSE,ABO-CAS,327,FALSE
0.3,0.2,0.1,0,0.1,0.05,0.2,0.05,CAS23,CAS23,365,1826,FALSE,ABO-CAS,328,FALSE
0.3,0.2,0.1,0.05,0.05,0.05,0.2,0.05,CAS23,CAS23,365,1826,FALSE,ABO-CAS,329,FALSE
0.3,0.2,0.1,0.1,0,0.05,0.2,0.05,CAS23,CAS23,365,1826,FALSE,ABO-CAS,330,FALSE
0.3,0.2,0.15,0,0.05,0.05,0.2,0.05,CAS23,CAS23,365,1826,FALSE,ABO-CAS,331,FALSE
0.3,0.2,0.15,0.05,0,0.05,0.2,0.05,CAS23,CAS23,365,1826,FALSE,ABO-CAS,332,FALSE
0.3,0.2,0.2,0,0,0.05,0.2,0.05,CAS23,CAS23,365,1826,FALSE,ABO-CAS,333,FALSE
0.3,0.25,0,0,0.15,0.05,0.2,0.05,CAS23,CAS23,365,1826,FALSE,ABO-CAS,334,FALSE
0.3,0.25,0,0.05,0.1,0.05,0.2,0.05,CAS23,CAS23,365,1826,FALSE,ABO-CAS,335,FALSE
0.3,0.25,0,0.1,0.05,0.05,0.2,0.05,CAS23,CAS23,365,1826,FALSE,ABO-CAS,336,FALSE
0.3,0.25,0,0.15,0,0.05,0.2,0.05,CAS23,CAS23,365,1826,FALSE,ABO-CAS,337,FALSE
0.3,0.25,0.05,0,0.1,0.05,0.2,0.05,CAS23,CAS23,365,1826,FALSE,ABO-CAS,338,FALSE
0.3,0.25,0.05,0.05,0.05,0.05,0.2,0.05,CAS23,CAS23,365,1826,FALSE,ABO-CAS,339,FALSE
0.3,0.25,0.05,0.1,0,0.05,0.2,0.05,CAS23,CAS23,365,1826,FALSE,ABO-CAS,340,FALSE
0.3,0.25,0.1,0,0.05,0.05,0.2,0.05,CAS23,CAS23,365,1826,FALSE,ABO-CAS,341,FALSE
0.3,0.25,0.1,0.05,0,0.05,0.2,0.05,CAS23,CAS23,365,1826,FALSE,ABO-CAS,342,FALSE
0.3,0.25,0.15,0,0,0.05,0.2,0.05,CAS23,CAS23,365,1826,FALSE,ABO-CAS,343,FALSE
0.3,0.3,0,0,0.1,0.05,0.2,0.05,CAS23,CAS23,365,1826,FALSE,ABO-CAS,344,FALSE
0.3,0.3,0,0.05,0.05,0.05,0.2,0.05,CAS23,CAS23,365,1826,FALSE,ABO-CAS,345,FALSE
0.3,0.3,0,0.1,0,0.05,0.2,0.05,CAS23,CAS23,365,1826,FALSE,ABO-CAS,346,FALSE
0.3,0.3,0.05,0,0.05,0.05,0.2,0.05,CAS23,CAS23,365,1826,FALSE,ABO-CAS,347,FALSE
0.3,0.3,0.05,0.05,0,0.05,0.2,0.05,CAS23,CAS23,365,1826,FALSE,ABO-CAS,348,FALSE
0.3,0.3,0.1,0,0,0.05,0.2,0.05,CAS23,CAS23,365,1826,FALSE,ABO-CAS,349,FALSE
0.3,0.35,0,0,0.05,0.05,0.2,0.05,CAS23,CAS23,365,1826,FALSE,ABO-CAS,350,FALSE
0.3,0.35,0,0.05,0,0.05,0.2,0.05,CAS23,CAS23,365,1826,FALSE,ABO-CAS,351,FALSE
0.3,0.35,0.05,0,0,0.05,0.2,0.05,CAS23,CAS23,365,1826,FALSE,ABO-CAS,352,FALSE
0.35,0.15,0,0,0.2,0.05,0.2,0.05,CAS23,CAS23,365,1826,FALSE,ABO-CAS,353,FALSE
0.35,0.15,0,0.05,0.15,0.05,0.2,0.05,CAS23,CAS23,365,1826,FALSE,ABO-CAS,354,FALSE
0.35,0.15,0,0.1,0.1,0.05,0.2,0.05,CAS23,CAS23,365,1826,FALSE,ABO-CAS,355,FALSE
0.35,0.15,0,0.15,0.05,0.05,0.2,0.05,CAS23,CAS23,365,1826,FALSE,ABO-CAS,356,FALSE
0.35,0.15,0,0.2,0,0.05,0.2,0.05,CAS23,CAS23,365,1826,FALSE,ABO-CAS,357,FALSE
0.35,0.15,0.05,0,0.15,0.05,0.2,0.05,CAS23,CAS23,365,1826,FALSE,ABO-CAS,358,FALSE
0.35,0.15,0.05,0.05,0.1,0.05,0.2,0.05,CAS23,CAS23,365,1826,FALSE,ABO-CAS,359,FALSE
0.35,0.15,0.05,0.1,0.05,0.05,0.2,0.05,CAS23,CAS23,365,1826,FALSE,ABO-CAS,360,FALSE
0.35,0.15,0.05,0.15,0,0.05,0.2,0.05,CAS23,CAS23,365,1826,FALSE,ABO-CAS,361,FALSE
0.35,0.15,0.1,0,0.1,0.05,0.2,0.05,CAS23,CAS23,365,1826,FALSE,ABO-CAS,362,FALSE
0.35,0.15,0.1,0.05,0.05,0.05,0.2,0.05,CAS23,CAS23,365,1826,FALSE,ABO-CAS,363,FALSE
0.35,0.15,0.1,0.1,0,0.05,0.2,0.05,CAS23,CAS23,365,1826,FALSE,ABO-CAS,364,FALSE
0.35,0.15,0.15,0,0.05,0.05,0.2,0.05,CAS23,CAS23,365,1826,FALSE,ABO-CAS,365,FALSE
0.35,0.15,0.15,0.05,0,0.05,0.2,0.05,CAS23,CAS23,365,1826,FALSE,ABO-CAS,366,FALSE
0.35,0.15,0.2,0,0,0.05,0.2,0.05,CAS23,CAS23,365,1826,FALSE,ABO-CAS,367,FALSE
0.35,0.2,0,0,0.15,0.05,0.2,0.05,CAS23,CAS23,365,1826,FALSE,ABO-CAS,368,FALSE
0.35,0.2,0,0.05,0.1,0.05,0.2,0.05,CAS23,CAS23,365,1826,FALSE,ABO-CAS,369,FALSE
0.35,0.2,0,0.1,0.05,0.05,0.2,0.05,CAS23,CAS23,365,1826,FALSE,ABO-CAS,370,FALSE
0.35,0.2,0,0.15,0,0.05,0.2,0.05,CAS23,CAS23,365,1826,FALSE,ABO-CAS,371,FALSE
0.35,0.2,0.05,0,0.1,0.05,0.2,0.05,CAS23,CAS23,365,1826,FALSE,ABO-CAS,372,FALSE
0.35,0.2,0.05,0.05,0.05,0.05,0.2,0.05,CAS23,CAS23,365,1826,FALSE,ABO-CAS,373,FALSE
0.35,0.2,0.05,0.1,0,0.05,0.2,0.05,CAS23,CAS23,365,1826,FALSE,ABO-CAS,374,FALSE
0.35,0.2,0.1,0,0.05,0.05,0.2,0.05,CAS23,CAS23,365,1826,FALSE,ABO-CAS,375,FALSE
0.35,0.2,0.1,0.05,0,0.05,0.2,0.05,CAS23,CAS23,365,1826,FALSE,ABO-CAS,376,FALSE
0.35,0.2,0.15,0,0,0.05,0.2,0.05,CAS23,CAS23,365,1826,FALSE,ABO-CAS,377,FALSE
0.35,0.25,0,0,0.1,0.05,0.2,0.05,CAS23,CAS23,365,1826,FALSE,ABO-CAS,378,FALSE
0.35,0.25,0,0.05,0.05,0.05,0.2,0.05,CAS23,CAS23,365,1826,FALSE,ABO-CAS,379,FALSE
0.35,0.25,0,0.1,0,0.05,0.2,0.05,CAS23,CAS23,365,1826,FALSE,ABO-CAS,380,FALSE
0.35,0.25,0.05,0,0.05,0.05,0.2,0.05,CAS23,CAS23,365,1826,FALSE,ABO-CAS,381,FALSE
0.35,0.25,0.05,0.05,0,0.05,0.2,0.05,CAS23,CAS23,365,1826,FALSE,ABO-CAS,382,FALSE
0.35,0.25,0.1,0,0,0.05,0.2,0.05,CAS23,CAS23,365,1826,FALSE,ABO-CAS,383,FALSE
0.35,0.3,0,0,0.05,0.05,0.2,0.05,CAS23,CAS23,365,1826,FALSE,ABO-CAS,384,FALSE
0.35,0.3,0,0.05,0,0.05,0.2,0.05,CAS23,CAS23,365,1826,FALSE,ABO-CAS,385,FALSE
0.35,0.3,0.05,0,0,0.05,0.2,0.05,CAS23,CAS23,365,1826,FALSE,ABO-CAS,386,FALSE
0.35,0.35,0,0,0,0.05,0.2,0.05,CAS23,CAS23,365,1826,FALSE,ABO-CAS,387,FALSE
