wl_weight,post_tx_weight,abo_weight,height_weight,efficiency_weight,cpra_weight,peds_weight,pld_weight,wl_model,post_tx_model,wl_cap,post_tx_cap,checks,params_1,match_alg_name
0.15,0.15,0,0.1,0.3,0.05,0.2,0.05,CAS23,CAS23,365,1826,FALSE,1,PRE_ABO_CAS
0.15,0.15,0,0.15,0.25,0.05,0.2,0.05,CAS23,CAS23,365,1826,FALSE,2,PRE_ABO_CAS
0.15,0.15,0,0.2,0.2,0.05,0.2,0.05,CAS23,CAS23,365,1826,FALSE,3,PRE_ABO_CAS
0.15,0.15,0,0.25,0.15,0.05,0.2,0.05,CAS23,CAS23,365,1826,FALSE,4,PRE_ABO_CAS
0.15,0.15,0,0.3,0.1,0.05,0.2,0.05,CAS23,CAS23,365,1826,FALSE,5,PRE_ABO_CAS
0.15,0.15,0.05,0.05,0.3,0.05,0.2,0.05,CAS23,CAS23,365,1826,FALSE,6,PRE_ABO_CAS
0.15,0.15,0.05,0.1,0.25,0.05,0.2,0.05,CAS23,CAS23,365,1826,FALSE,7,PRE_ABO_CAS
0.15,0.15,0.05,0.15,0.2,0.05,0.2,0.05,CAS23,CAS23,365,1826,FALSE,8,PRE_ABO_CAS
0.15,0.15,0.05,0.2,0.15,0.05,0.2,0.05,CAS23,CAS23,365,1826,FALSE,9,PRE_ABO_CAS
0.15,0.15,0.05,0.25,0.1,0.05,0.2,0.05,CAS23,CAS23,365,1826,FALSE,10,PRE_ABO_CAS
0.15,0.15,0.1,0,0.3,0.05,0.2,0.05,CAS23,CAS23,365,1826,FALSE,11,PRE_ABO_CAS
0.15,0.15,0.1,0.05,0.25,0.05,0.2,0.05,CAS23,CAS23,365,1826,FALSE,12,PRE_ABO_CAS
0.15,0.15,0.1,0.1,0.2,0.05,0.2,0.05,CAS23,CAS23,365,1826,FALSE,13,PRE_ABO_CAS
0.15,0.15,0.1,0.15,0.15,0.05,0.2,0.05,CAS23,CAS23,365,1826,FALSE,14,PRE_ABO_CAS
0.15,0.15,0.1,0.2,0.1,0.05,0.2,0.05,CAS23,CAS23,365,1826,FALSE,15,PRE_ABO_CAS
0.15,0.15,0.15,0,0.25,0.05,0.2,0.05,CAS23,CAS23,365,1826,FALSE,16,PRE_ABO_CAS
0.15,0.15,0.15,0.05,0.2,0.05,0.2,0.05,CAS23,CAS23,365,1826,FALSE,17,PRE_ABO_CAS
0.15,0.15,0.15,0.1,0.15,0.05,0.2,0.05,CAS23,CAS23,365,1826,FALSE,18,PRE_ABO_CAS
0.15,0.15,0.15,0.15,0.1,0.05,0.2,0.05,CAS23,CAS23,365,1826,FALSE,19,PRE_ABO_CAS
0.15,0.15,0.2,0,0.2,0.05,0.2,0.05,CAS23,CAS23,365,1826,FALSE,20,PRE_ABO_CAS
0.15,0.15,0.2,0.05,0.15,0.05,0.2,0.05,CAS23,CAS23,365,1826,FALSE,21,PRE_ABO_CAS
0.15,0.15,0.2,0.1,0.1,0.05,0.2,0.05,CAS23,CAS23,365,1826,FALSE,22,PRE_ABO_CAS
0.15,0.15,0.25,0,0.15,0.05,0.2,0.05,CAS23,CAS23,365,1826,FALSE,23,PRE_ABO_CAS
0.15,0.15,0.25,0.05,0.1,0.05,0.2,0.05,CAS23,CAS23,365,1826,FALSE,24,PRE_ABO_CAS
0.15,0.15,0.3,0,0.1,0.05,0.2,0.05,CAS23,CAS23,365,1826,FALSE,25,PRE_ABO_CAS
0.15,0.2,0,0.05,0.3,0.05,0.2,0.05,CAS23,CAS23,365,1826,FALSE,26,PRE_ABO_CAS
0.15,0.2,0,0.1,0.25,0.05,0.2,0.05,CAS23,CAS23,365,1826,FALSE,27,PRE_ABO_CAS
0.15,0.2,0,0.15,0.2,0.05,0.2,0.05,CAS23,CAS23,365,1826,FALSE,28,PRE_ABO_CAS
0.15,0.2,0,0.2,0.15,0.05,0.2,0.05,CAS23,CAS23,365,1826,FALSE,29,PRE_ABO_CAS
0.15,0.2,0,0.25,0.1,0.05,0.2,0.05,CAS23,CAS23,365,1826,FALSE,30,PRE_ABO_CAS
0.15,0.2,0,0.3,0.05,0.05,0.2,0.05,CAS23,CAS23,365,1826,FALSE,31,PRE_ABO_CAS
0.15,0.2,0.05,0,0.3,0.05,0.2,0.05,CAS23,CAS23,365,1826,FALSE,32,PRE_ABO_CAS
0.15,0.2,0.05,0.05,0.25,0.05,0.2,0.05,CAS23,CAS23,365,1826,FALSE,33,PRE_ABO_CAS
0.15,0.2,0.05,0.1,0.2,0.05,0.2,0.05,CAS23,CAS23,365,1826,FALSE,34,PRE_ABO_CAS
0.15,0.2,0.05,0.15,0.15,0.05,0.2,0.05,CAS23,CAS23,365,1826,FALSE,35,PRE_ABO_CAS
0.15,0.2,0.05,0.2,0.1,0.05,0.2,0.05,CAS23,CAS23,365,1826,FALSE,36,PRE_ABO_CAS
0.15,0.2,0.05,0.25,0.05,0.05,0.2,0.05,CAS23,CAS23,365,1826,FALSE,37,PRE_ABO_CAS
0.15,0.2,0.1,0,0.25,0.05,0.2,0.05,CAS23,CAS23,365,1826,FALSE,38,PRE_ABO_CAS
0.15,0.2,0.1,0.05,0.2,0.05,0.2,0.05,CAS23,CAS23,365,1826,FALSE,39,PRE_ABO_CAS
0.15,0.2,0.1,0.1,0.15,0.05,0.2,0.05,CAS23,CAS23,365,1826,FALSE,40,PRE_ABO_CAS
0.15,0.2,0.1,0.15,0.1,0.05,0.2,0.05,CAS23,CAS23,365,1826,FALSE,41,PRE_ABO_CAS
0.15,0.2,0.1,0.2,0.05,0.05,0.2,0.05,CAS23,CAS23,365,1826,FALSE,42,PRE_ABO_CAS
0.15,0.2,0.15,0,0.2,0.05,0.2,0.05,CAS23,CAS23,365,1826,FALSE,43,PRE_ABO_CAS
0.15,0.2,0.15,0.05,0.15,0.05,0.2,0.05,CAS23,CAS23,365,1826,FALSE,44,PRE_ABO_CAS
0.15,0.2,0.15,0.1,0.1,0.05,0.2,0.05,CAS23,CAS23,365,1826,FALSE,45,PRE_ABO_CAS
0.15,0.2,0.15,0.15,0.05,0.05,0.2,0.05,CAS23,CAS23,365,1826,FALSE,46,PRE_ABO_CAS
0.15,0.2,0.2,0,0.15,0.05,0.2,0.05,CAS23,CAS23,365,1826,FALSE,47,PRE_ABO_CAS
0.15,0.2,0.2,0.05,0.1,0.05,0.2,0.05,CAS23,CAS23,365,1826,FALSE,48,PRE_ABO_CAS
0.15,0.2,0.2,0.1,0.05,0.05,0.2,0.05,CAS23,CAS23,365,1826,FALSE,49,PRE_ABO_CAS
0.15,0.2,0.25,0,0.1,0.05,0.2,0.05,CAS23,CAS23,365,1826,FALSE,50,PRE_ABO_CAS
0.15,0.2,0.25,0.05,0.05,0.05,0.2,0.05,CAS23,CAS23,365,1826,FALSE,51,PRE_ABO_CAS
0.15,0.2,0.3,0,0.05,0.05,0.2,0.05,CAS23,CAS23,365,1826,FALSE,52,PRE_ABO_CAS
0.15,0.25,0,0,0.3,0.05,0.2,0.05,CAS23,CAS23,365,1826,FALSE,53,PRE_ABO_CAS
0.15,0.25,0,0.05,0.25,0.05,0.2,0.05,CAS23,CAS23,365,1826,FALSE,54,PRE_ABO_CAS
0.15,0.25,0,0.1,0.2,0.05,0.2,0.05,CAS23,CAS23,365,1826,FALSE,55,PRE_ABO_CAS
0.15,0.25,0,0.15,0.15,0.05,0.2,0.05,CAS23,CAS23,365,1826,FALSE,56,PRE_ABO_CAS
0.15,0.25,0,0.2,0.1,0.05,0.2,0.05,CAS23,CAS23,365,1826,FALSE,57,PRE_ABO_CAS
0.15,0.25,0,0.25,0.05,0.05,0.2,0.05,CAS23,CAS23,365,1826,FALSE,58,PRE_ABO_CAS
0.15,0.25,0,0.3,0,0.05,0.2,0.05,CAS23,CAS23,365,1826,FALSE,59,PRE_ABO_CAS
0.15,0.25,0.05,0,0.25,0.05,0.2,0.05,CAS23,CAS23,365,1826,FALSE,60,PRE_ABO_CAS
0.15,0.25,0.05,0.05,0.2,0.05,0.2,0.05,CAS23,CAS23,365,1826,FALSE,61,PRE_ABO_CAS
0.15,0.25,0.05,0.1,0.15,0.05,0.2,0.05,CAS23,CAS23,365,1826,FALSE,62,PRE_ABO_CAS
0.15,0.25,0.05,0.15,0.1,0.05,0.2,0.05,CAS23,CAS23,365,1826,FALSE,63,PRE_ABO_CAS
0.15,0.25,0.05,0.2,0.05,0.05,0.2,0.05,CAS23,CAS23,365,1826,FALSE,64,PRE_ABO_CAS
0.15,0.25,0.05,0.25,0,0.05,0.2,0.05,CAS23,CAS23,365,1826,FALSE,65,PRE_ABO_CAS
0.15,0.25,0.1,0,0.2,0.05,0.2,0.05,CAS23,CAS23,365,1826,FALSE,66,PRE_ABO_CAS
0.15,0.25,0.1,0.05,0.15,0.05,0.2,0.05,CAS23,CAS23,365,1826,FALSE,67,PRE_ABO_CAS
0.15,0.25,0.1,0.1,0.1,0.05,0.2,0.05,CAS23,CAS23,365,1826,FALSE,68,PRE_ABO_CAS
0.15,0.25,0.1,0.15,0.05,0.05,0.2,0.05,CAS23,CAS23,365,1826,FALSE,69,PRE_ABO_CAS
0.15,0.25,0.1,0.2,0,0.05,0.2,0.05,CAS23,CAS23,365,1826,FALSE,70,PRE_ABO_CAS
0.15,0.25,0.15,0,0.15,0.05,0.2,0.05,CAS23,CAS23,365,1826,FALSE,71,PRE_ABO_CAS
0.15,0.25,0.15,0.05,0.1,0.05,0.2,0.05,CAS23,CAS23,365,1826,FALSE,72,PRE_ABO_CAS
0.15,0.25,0.15,0.1,0.05,0.05,0.2,0.05,CAS23,CAS23,365,1826,FALSE,73,PRE_ABO_CAS
0.15,0.25,0.15,0.15,0,0.05,0.2,0.05,CAS23,CAS23,365,1826,FALSE,74,PRE_ABO_CAS
0.15,0.25,0.2,0,0.1,0.05,0.2,0.05,CAS23,CAS23,365,1826,FALSE,75,PRE_ABO_CAS
0.15,0.25,0.2,0.05,0.05,0.05,0.2,0.05,CAS23,CAS23,365,1826,FALSE,76,PRE_ABO_CAS
0.15,0.25,0.2,0.1,0,0.05,0.2,0.05,CAS23,CAS23,365,1826,FALSE,77,PRE_ABO_CAS
0.15,0.25,0.25,0,0.05,0.05,0.2,0.05,CAS23,CAS23,365,1826,FALSE,78,PRE_ABO_CAS
0.15,0.25,0.25,0.05,0,0.05,0.2,0.05,CAS23,CAS23,365,1826,FALSE,79,PRE_ABO_CAS
0.15,0.25,0.3,0,0,0.05,0.2,0.05,CAS23,CAS23,365,1826,FALSE,80,PRE_ABO_CAS
0.15,0.3,0,0,0.25,0.05,0.2,0.05,CAS23,CAS23,365,1826,FALSE,81,PRE_ABO_CAS
0.15,0.3,0,0.05,0.2,0.05,0.2,0.05,CAS23,CAS23,365,1826,FALSE,82,PRE_ABO_CAS
0.15,0.3,0,0.1,0.15,0.05,0.2,0.05,CAS23,CAS23,365,1826,FALSE,83,PRE_ABO_CAS
0.15,0.3,0,0.15,0.1,0.05,0.2,0.05,CAS23,CAS23,365,1826,FALSE,84,PRE_ABO_CAS
0.15,0.3,0,0.2,0.05,0.05,0.2,0.05,CAS23,CAS23,365,1826,FALSE,85,PRE_ABO_CAS
0.15,0.3,0,0.25,0,0.05,0.2,0.05,CAS23,CAS23,365,1826,FALSE,86,PRE_ABO_CAS
0.15,0.3,0.05,0,0.2,0.05,0.2,0.05,CAS23,CAS23,365,1826,FALSE,87,PRE_ABO_CAS
0.15,0.3,0.05,0.05,0.15,0.05,0.2,0.05,CAS23,CAS23,365,1826,FALSE,88,PRE_ABO_CAS
0.15,0.3,0.05,0.1,0.1,0.05,0.2,0.05,CAS23,CAS23,365,1826,FALSE,89,PRE_ABO_CAS
0.15,0.3,0.05,0.15,0.05,0.05,0.2,0.05,CAS23,CAS23,365,1826,FALSE,90,PRE_ABO_CAS
0.15,0.3,0.05,0.2,0,0.05,0.2,0.05,CAS23,CAS23,365,1826,FALSE,91,PRE_ABO_CAS
0.15,0.3,0.1,0,0.15,0.05,0.2,0.05,CAS23,CAS23,365,1826,FALSE,92,PRE_ABO_CAS
0.15,0.3,0.1,0.05,0.1,0.05,0.2,0.05,CAS23,CAS23,365,1826,FALSE,93,PRE_ABO_CAS
0.15,0.3,0.1,0.1,0.05,0.05,0.2,0.05,CAS23,CAS23,365,1826,FALSE,94,PRE_ABO_CAS
0.15,0.3,0.1,0.15,0,0.05,0.2,0.05,CAS23,CAS23,365,1826,FALSE,95,PRE_ABO_CAS
0.15,0.3,0.15,0,0.1,0.05,0.2,0.05,CAS23,CAS23,365,1826,FALSE,96,PRE_ABO_CAS
0.15,0.3,0.15,0.05,0.05,0.05,0.2,0.05,CAS23,CAS23,365,1826,FALSE,97,PRE_ABO_CAS
0.15,0.3,0.15,0.1,0,0.05,0.2,0.05,CAS23,CAS23,365,1826,FALSE,98,PRE_ABO_CAS
0.15,0.3,0.2,0,0.05,0.05,0.2,0.05,CAS23,CAS23,365,1826,FALSE,99,PRE_ABO_CAS
0.15,0.3,0.2,0.05,0,0.05,0.2,0.05,CAS23,CAS23,365,1826,FALSE,100,PRE_ABO_CAS
0.15,0.3,0.25,0,0,0.05,0.2,0.05,CAS23,CAS23,365,1826,FALSE,101,PRE_ABO_CAS
0.15,0.35,0,0,0.2,0.05,0.2,0.05,CAS23,CAS23,365,1826,FALSE,102,PRE_ABO_CAS
0.15,0.35,0,0.05,0.15,0.05,0.2,0.05,CAS23,CAS23,365,1826,FALSE,103,PRE_ABO_CAS
0.15,0.35,0,0.1,0.1,0.05,0.2,0.05,CAS23,CAS23,365,1826,FALSE,104,PRE_ABO_CAS
0.15,0.35,0,0.15,0.05,0.05,0.2,0.05,CAS23,CAS23,365,1826,FALSE,105,PRE_ABO_CAS
0.15,0.35,0,0.2,0,0.05,0.2,0.05,CAS23,CAS23,365,1826,FALSE,106,PRE_ABO_CAS
0.15,0.35,0.05,0,0.15,0.05,0.2,0.05,CAS23,CAS23,365,1826,FALSE,107,PRE_ABO_CAS
0.15,0.35,0.05,0.05,0.1,0.05,0.2,0.05,CAS23,CAS23,365,1826,FALSE,108,PRE_ABO_CAS
0.15,0.35,0.05,0.1,0.05,0.05,0.2,0.05,CAS23,CAS23,365,1826,FALSE,109,PRE_ABO_CAS
0.15,0.35,0.05,0.15,0,0.05,0.2,0.05,CAS23,CAS23,365,1826,FALSE,110,PRE_ABO_CAS
0.15,0.35,0.1,0,0.1,0.05,0.2,0.05,CAS23,CAS23,365,1826,FALSE,111,PRE_ABO_CAS
0.15,0.35,0.1,0.05,0.05,0.05,0.2,0.05,CAS23,CAS23,365,1826,FALSE,112,PRE_ABO_CAS
0.15,0.35,0.1,0.1,0,0.05,0.2,0.05,CAS23,CAS23,365,1826,FALSE,113,PRE_ABO_CAS
0.15,0.35,0.15,0,0.05,0.05,0.2,0.05,CAS23,CAS23,365,1826,FALSE,114,PRE_ABO_CAS
0.15,0.35,0.15,0.05,0,0.05,0.2,0.05,CAS23,CAS23,365,1826,FALSE,115,PRE_ABO_CAS
0.15,0.35,0.2,0,0,0.05,0.2,0.05,CAS23,CAS23,365,1826,FALSE,116,PRE_ABO_CAS
0.2,0.15,0,0.05,0.3,0.05,0.2,0.05,CAS23,CAS23,365,1826,FALSE,117,PRE_ABO_CAS
0.2,0.15,0,0.1,0.25,0.05,0.2,0.05,CAS23,CAS23,365,1826,FALSE,118,PRE_ABO_CAS
0.2,0.15,0,0.15,0.2,0.05,0.2,0.05,CAS23,CAS23,365,1826,FALSE,119,PRE_ABO_CAS
0.2,0.15,0,0.2,0.15,0.05,0.2,0.05,CAS23,CAS23,365,1826,FALSE,120,PRE_ABO_CAS
0.2,0.15,0,0.25,0.1,0.05,0.2,0.05,CAS23,CAS23,365,1826,FALSE,121,PRE_ABO_CAS
0.2,0.15,0,0.3,0.05,0.05,0.2,0.05,CAS23,CAS23,365,1826,FALSE,122,PRE_ABO_CAS
0.2,0.15,0.05,0,0.3,0.05,0.2,0.05,CAS23,CAS23,365,1826,FALSE,123,PRE_ABO_CAS
0.2,0.15,0.05,0.05,0.25,0.05,0.2,0.05,CAS23,CAS23,365,1826,FALSE,124,PRE_ABO_CAS
0.2,0.15,0.05,0.1,0.2,0.05,0.2,0.05,CAS23,CAS23,365,1826,FALSE,125,PRE_ABO_CAS
0.2,0.15,0.05,0.15,0.15,0.05,0.2,0.05,CAS23,CAS23,365,1826,FALSE,126,PRE_ABO_CAS
0.2,0.15,0.05,0.2,0.1,0.05,0.2,0.05,CAS23,CAS23,365,1826,FALSE,127,PRE_ABO_CAS
0.2,0.15,0.05,0.25,0.05,0.05,0.2,0.05,CAS23,CAS23,365,1826,FALSE,128,PRE_ABO_CAS
0.2,0.15,0.1,0,0.25,0.05,0.2,0.05,CAS23,CAS23,365,1826,FALSE,129,PRE_ABO_CAS
0.2,0.15,0.1,0.05,0.2,0.05,0.2,0.05,CAS23,CAS23,365,1826,FALSE,130,PRE_ABO_CAS
0.2,0.15,0.1,0.1,0.15,0.05,0.2,0.05,CAS23,CAS23,365,1826,FALSE,131,PRE_ABO_CAS
0.2,0.15,0.1,0.15,0.1,0.05,0.2,0.05,CAS23,CAS23,365,1826,FALSE,132,PRE_ABO_CAS
0.2,0.15,0.1,0.2,0.05,0.05,0.2,0.05,CAS23,CAS23,365,1826,FALSE,133,PRE_ABO_CAS
0.2,0.15,0.15,0,0.2,0.05,0.2,0.05,CAS23,CAS23,365,1826,FALSE,134,PRE_ABO_CAS
0.2,0.15,0.15,0.05,0.15,0.05,0.2,0.05,CAS23,CAS23,365,1826,FALSE,135,PRE_ABO_CAS
0.2,0.15,0.15,0.1,0.1,0.05,0.2,0.05,CAS23,CAS23,365,1826,FALSE,136,PRE_ABO_CAS
0.2,0.15,0.15,0.15,0.05,0.05,0.2,0.05,CAS23,CAS23,365,1826,FALSE,137,PRE_ABO_CAS
0.2,0.15,0.2,0,0.15,0.05,0.2,0.05,CAS23,CAS23,365,1826,FALSE,138,PRE_ABO_CAS
0.2,0.15,0.2,0.05,0.1,0.05,0.2,0.05,CAS23,CAS23,365,1826,FALSE,139,PRE_ABO_CAS
0.2,0.15,0.2,0.1,0.05,0.05,0.2,0.05,CAS23,CAS23,365,1826,FALSE,140,PRE_ABO_CAS
0.2,0.15,0.25,0,0.1,0.05,0.2,0.05,CAS23,CAS23,365,1826,FALSE,141,PRE_ABO_CAS
0.2,0.15,0.25,0.05,0.05,0.05,0.2,0.05,CAS23,CAS23,365,1826,FALSE,142,PRE_ABO_CAS
0.2,0.15,0.3,0,0.05,0.05,0.2,0.05,CAS23,CAS23,365,1826,FALSE,143,PRE_ABO_CAS
0.2,0.2,0,0,0.3,0.05,0.2,0.05,CAS23,CAS23,365,1826,FALSE,144,PRE_ABO_CAS
0.2,0.2,0,0.05,0.25,0.05,0.2,0.05,CAS23,CAS23,365,1826,FALSE,145,PRE_ABO_CAS
0.2,0.2,0,0.1,0.2,0.05,0.2,0.05,CAS23,CAS23,365,1826,FALSE,146,PRE_ABO_CAS
0.2,0.2,0,0.15,0.15,0.05,0.2,0.05,CAS23,CAS23,365,1826,FALSE,147,PRE_ABO_CAS
0.2,0.2,0,0.2,0.1,0.05,0.2,0.05,CAS23,CAS23,365,1826,FALSE,148,PRE_ABO_CAS
0.2,0.2,0,0.25,0.05,0.05,0.2,0.05,CAS23,CAS23,365,1826,FALSE,149,PRE_ABO_CAS
0.2,0.2,0,0.3,0,0.05,0.2,0.05,CAS23,CAS23,365,1826,FALSE,150,PRE_ABO_CAS
0.2,0.2,0.05,0,0.25,0.05,0.2,0.05,CAS23,CAS23,365,1826,FALSE,151,PRE_ABO_CAS
0.2,0.2,0.05,0.05,0.2,0.05,0.2,0.05,CAS23,CAS23,365,1826,FALSE,152,PRE_ABO_CAS
0.2,0.2,0.05,0.1,0.15,0.05,0.2,0.05,CAS23,CAS23,365,1826,FALSE,153,PRE_ABO_CAS
0.2,0.2,0.05,0.15,0.1,0.05,0.2,0.05,CAS23,CAS23,365,1826,FALSE,154,PRE_ABO_CAS
0.2,0.2,0.05,0.2,0.05,0.05,0.2,0.05,CAS23,CAS23,365,1826,FALSE,155,PRE_ABO_CAS
0.2,0.2,0.05,0.25,0,0.05,0.2,0.05,CAS23,CAS23,365,1826,FALSE,156,PRE_ABO_CAS
0.2,0.2,0.1,0,0.2,0.05,0.2,0.05,CAS23,CAS23,365,1826,FALSE,157,PRE_ABO_CAS
0.2,0.2,0.1,0.05,0.15,0.05,0.2,0.05,CAS23,CAS23,365,1826,FALSE,158,PRE_ABO_CAS
0.2,0.2,0.1,0.1,0.1,0.05,0.2,0.05,CAS23,CAS23,365,1826,FALSE,159,PRE_ABO_CAS
0.2,0.2,0.1,0.15,0.05,0.05,0.2,0.05,CAS23,CAS23,365,1826,FALSE,160,PRE_ABO_CAS
0.2,0.2,0.1,0.2,0,0.05,0.2,0.05,CAS23,CAS23,365,1826,FALSE,161,PRE_ABO_CAS
0.2,0.2,0.15,0,0.15,0.05,0.2,0.05,CAS23,CAS23,365,1826,FALSE,162,PRE_ABO_CAS
0.2,0.2,0.15,0.05,0.1,0.05,0.2,0.05,CAS23,CAS23,365,1826,FALSE,163,PRE_ABO_CAS
0.2,0.2,0.15,0.1,0.05,0.05,0.2,0.05,CAS23,CAS23,365,1826,FALSE,164,PRE_ABO_CAS
0.2,0.2,0.15,0.15,0,0.05,0.2,0.05,CAS23,CAS23,365,1826,FALSE,165,PRE_ABO_CAS
0.2,0.2,0.2,0,0.1,0.05,0.2,0.05,CAS23,CAS23,365,1826,FALSE,166,PRE_ABO_CAS
0.2,0.2,0.2,0.05,0.05,0.05,0.2,0.05,CAS23,CAS23,365,1826,FALSE,167,PRE_ABO_CAS
0.2,0.2,0.2,0.1,0,0.05,0.2,0.05,CAS23,CAS23,365,1826,FALSE,168,PRE_ABO_CAS
0.2,0.2,0.25,0,0.05,0.05,0.2,0.05,CAS23,CAS23,365,1826,FALSE,169,PRE_ABO_CAS
0.2,0.2,0.25,0.05,0,0.05,0.2,0.05,CAS23,CAS23,365,1826,FALSE,170,PRE_ABO_CAS
0.2,0.2,0.3,0,0,0.05,0.2,0.05,CAS23,CAS23,365,1826,FALSE,171,PRE_ABO_CAS
0.2,0.25,0,0,0.25,0.05,0.2,0.05,CAS23,CAS23,365,1826,FALSE,172,PRE_ABO_CAS
0.2,0.25,0,0.05,0.2,0.05,0.2,0.05,CAS23,CAS23,365,1826,FALSE,173,PRE_ABO_CAS
0.2,0.25,0,0.1,0.15,0.05,0.2,0.05,CAS23,CAS23,365,1826,FALSE,174,PRE_ABO_CAS
0.2,0.25,0,0.15,0.1,0.05,0.2,0.05,CAS23,CAS23,365,1826,FALSE,175,PRE_ABO_CAS
0.2,0.25,0,0.2,0.05,0.05,0.2,0.05,CAS23,CAS23,365,1826,FALSE,176,PRE_ABO_CAS
0.2,0.25,0,0.25,0,0.05,0.2,0.05,CAS23,CAS23,365,1826,FALSE,177,PRE_ABO_CAS
0.2,0.25,0.05,0,0.2,0.05,0.2,0.05,CAS23,CAS23,365,1826,FALSE,178,PRE_ABO_CAS
0.2,0.25,0.05,0.05,0.15,0.05,0.2,0.05,CAS23,CAS23,365,1826,FALSE,179,PRE_ABO_CAS
0.2,0.25,0.05,0.1,0.1,0.05,0.2,0.05,CAS23,CAS23,365,1826,FALSE,180,PRE_ABO_CAS
0.2,0.25,0.05,0.15,0.05,0.05,0.2,0.05,CAS23,CAS23,365,1826,FALSE,181,PRE_ABO_CAS
0.2,0.25,0.05,0.2,0,0.05,0.2,0.05,CAS23,CAS23,365,1826,FALSE,182,PRE_ABO_CAS
0.2,0.25,0.1,0,0.15,0.05,0.2,0.05,CAS23,CAS23,365,1826,FALSE,183,PRE_ABO_CAS
0.2,0.25,0.1,0.05,0.1,0.05,0.2,0.05,CAS23,CAS23,365,1826,FALSE,184,PRE_ABO_CAS
0.2,0.25,0.1,0.1,0.05,0.05,0.2,0.05,CAS23,CAS23,365,1826,FALSE,185,PRE_ABO_CAS
0.2,0.25,0.1,0.15,0,0.05,0.2,0.05,CAS23,CAS23,365,1826,FALSE,186,PRE_ABO_CAS
0.2,0.25,0.15,0,0.1,0.05,0.2,0.05,CAS23,CAS23,365,1826,FALSE,187,PRE_ABO_CAS
0.2,0.25,0.15,0.05,0.05,0.05,0.2,0.05,CAS23,CAS23,365,1826,FALSE,188,PRE_ABO_CAS
0.2,0.25,0.15,0.1,0,0.05,0.2,0.05,CAS23,CAS23,365,1826,FALSE,189,PRE_ABO_CAS
0.2,0.25,0.2,0,0.05,0.05,0.2,0.05,CAS23,CAS23,365,1826,FALSE,190,PRE_ABO_CAS
0.2,0.25,0.2,0.05,0,0.05,0.2,0.05,CAS23,CAS23,365,1826,FALSE,191,PRE_ABO_CAS
0.2,0.25,0.25,0,0,0.05,0.2,0.05,CAS23,CAS23,365,1826,FALSE,192,PRE_ABO_CAS
0.2,0.3,0,0,0.2,0.05,0.2,0.05,CAS23,CAS23,365,1826,FALSE,193,PRE_ABO_CAS
0.2,0.3,0,0.05,0.15,0.05,0.2,0.05,CAS23,CAS23,365,1826,FALSE,194,PRE_ABO_CAS
0.2,0.3,0,0.1,0.1,0.05,0.2,0.05,CAS23,CAS23,365,1826,FALSE,195,PRE_ABO_CAS
0.2,0.3,0,0.15,0.05,0.05,0.2,0.05,CAS23,CAS23,365,1826,FALSE,196,PRE_ABO_CAS
0.2,0.3,0,0.2,0,0.05,0.2,0.05,CAS23,CAS23,365,1826,FALSE,197,PRE_ABO_CAS
0.2,0.3,0.05,0,0.15,0.05,0.2,0.05,CAS23,CAS23,365,1826,FALSE,198,PRE_ABO_CAS
0.2,0.3,0.05,0.05,0.1,0.05,0.2,0.05,CAS23,CAS23,365,1826,FALSE,199,PRE_ABO_CAS
0.2,0.3,0.05,0.1,0.05,0.05,0.2,0.05,CAS23,CAS23,365,1826,FALSE,200,PRE_ABO_CAS
0.2,0.3,0.05,0.15,0,0.05,0.2,0.05,CAS23,CAS23,365,1826,FALSE,201,PRE_ABO_CAS
0.2,0.3,0.1,0,0.1,0.05,0.2,0.05,CAS23,CAS23,365,1826,FALSE,202,PRE_ABO_CAS
0.2,0.3,0.1,0.05,0.05,0.05,0.2,0.05,CAS23,CAS23,365,1826,FALSE,203,PRE_ABO_CAS
0.2,0.3,0.1,0.1,0,0.05,0.2,0.05,CAS23,CAS23,365,1826,FALSE,204,PRE_ABO_CAS
0.2,0.3,0.15,0,0.05,0.05,0.2,0.05,CAS23,CAS23,365,1826,FALSE,205,PRE_ABO_CAS
0.2,0.3,0.15,0.05,0,0.05,0.2,0.05,CAS23,CAS23,365,1826,FALSE,206,PRE_ABO_CAS
0.2,0.3,0.2,0,0,0.05,0.2,0.05,CAS23,CAS23,365,1826,FALSE,207,PRE_ABO_CAS
0.2,0.35,0,0,0.15,0.05,0.2,0.05,CAS23,CAS23,365,1826,FALSE,208,PRE_ABO_CAS
0.2,0.35,0,0.05,0.1,0.05,0.2,0.05,CAS23,CAS23,365,1826,FALSE,209,PRE_ABO_CAS
0.2,0.35,0,0.1,0.05,0.05,0.2,0.05,CAS23,CAS23,365,1826,FALSE,210,PRE_ABO_CAS
0.2,0.35,0,0.15,0,0.05,0.2,0.05,CAS23,CAS23,365,1826,FALSE,211,PRE_ABO_CAS
0.2,0.35,0.05,0,0.1,0.05,0.2,0.05,CAS23,CAS23,365,1826,FALSE,212,PRE_ABO_CAS
0.2,0.35,0.05,0.05,0.05,0.05,0.2,0.05,CAS23,CAS23,365,1826,FALSE,213,PRE_ABO_CAS
0.2,0.35,0.05,0.1,0,0.05,0.2,0.05,CAS23,CAS23,365,1826,FALSE,214,PRE_ABO_CAS
0.2,0.35,0.1,0,0.05,0.05,0.2,0.05,CAS23,CAS23,365,1826,FALSE,215,PRE_ABO_CAS
0.2,0.35,0.1,0.05,0,0.05,0.2,0.05,CAS23,CAS23,365,1826,FALSE,216,PRE_ABO_CAS
0.2,0.35,0.15,0,0,0.05,0.2,0.05,CAS23,CAS23,365,1826,FALSE,217,PRE_ABO_CAS
0.25,0.15,0,0,0.3,0.05,0.2,0.05,CAS23,CAS23,365,1826,FALSE,218,PRE_ABO_CAS
0.25,0.15,0,0.05,0.25,0.05,0.2,0.05,CAS23,CAS23,365,1826,FALSE,219,PRE_ABO_CAS
0.25,0.15,0,0.1,0.2,0.05,0.2,0.05,CAS23,CAS23,365,1826,FALSE,220,PRE_ABO_CAS
0.25,0.15,0,0.15,0.15,0.05,0.2,0.05,CAS23,CAS23,365,1826,FALSE,221,PRE_ABO_CAS
0.25,0.15,0,0.2,0.1,0.05,0.2,0.05,CAS23,CAS23,365,1826,FALSE,222,PRE_ABO_CAS
0.25,0.15,0,0.25,0.05,0.05,0.2,0.05,CAS23,CAS23,365,1826,FALSE,223,PRE_ABO_CAS
0.25,0.15,0,0.3,0,0.05,0.2,0.05,CAS23,CAS23,365,1826,FALSE,224,PRE_ABO_CAS
0.25,0.15,0.05,0,0.25,0.05,0.2,0.05,CAS23,CAS23,365,1826,FALSE,225,PRE_ABO_CAS
0.25,0.15,0.05,0.05,0.2,0.05,0.2,0.05,CAS23,CAS23,365,1826,FALSE,226,PRE_ABO_CAS
0.25,0.15,0.05,0.1,0.15,0.05,0.2,0.05,CAS23,CAS23,365,1826,FALSE,227,PRE_ABO_CAS
0.25,0.15,0.05,0.15,0.1,0.05,0.2,0.05,CAS23,CAS23,365,1826,FALSE,228,PRE_ABO_CAS
0.25,0.15,0.05,0.2,0.05,0.05,0.2,0.05,CAS23,CAS23,365,1826,FALSE,229,PRE_ABO_CAS
0.25,0.15,0.05,0.25,0,0.05,0.2,0.05,CAS23,CAS23,365,1826,FALSE,230,PRE_ABO_CAS
0.25,0.15,0.1,0,0.2,0.05,0.2,0.05,CAS23,CAS23,365,1826,FALSE,231,PRE_ABO_CAS
0.25,0.15,0.1,0.05,0.15,0.05,0.2,0.05,CAS23,CAS23,365,1826,FALSE,232,PRE_ABO_CAS
0.25,0.15,0.1,0.1,0.1,0.05,0.2,0.05,CAS23,CAS23,365,1826,FALSE,233,PRE_ABO_CAS
0.25,0.15,0.1,0.15,0.05,0.05,0.2,0.05,CAS23,CAS23,365,1826,FALSE,234,PRE_ABO_CAS
0.25,0.15,0.1,0.2,0,0.05,0.2,0.05,CAS23,CAS23,365,1826,FALSE,235,PRE_ABO_CAS
0.25,0.15,0.15,0,0.15,0.05,0.2,0.05,CAS23,CAS23,365,1826,FALSE,236,PRE_ABO_CAS
0.25,0.15,0.15,0.05,0.1,0.05,0.2,0.05,CAS23,CAS23,365,1826,FALSE,237,PRE_ABO_CAS
0.25,0.15,0.15,0.1,0.05,0.05,0.2,0.05,CAS23,CAS23,365,1826,FALSE,238,PRE_ABO_CAS
0.25,0.15,0.15,0.15,0,0.05,0.2,0.05,CAS23,CAS23,365,1826,FALSE,239,PRE_ABO_CAS
0.25,0.15,0.2,0,0.1,0.05,0.2,0.05,CAS23,CAS23,365,1826,FALSE,240,PRE_ABO_CAS
0.25,0.15,0.2,0.05,0.05,0.05,0.2,0.05,CAS23,CAS23,365,1826,FALSE,241,PRE_ABO_CAS
0.25,0.15,0.2,0.1,0,0.05,0.2,0.05,CAS23,CAS23,365,1826,FALSE,242,PRE_ABO_CAS
0.25,0.15,0.25,0,0.05,0.05,0.2,0.05,CAS23,CAS23,365,1826,FALSE,243,PRE_ABO_CAS
0.25,0.15,0.25,0.05,0,0.05,0.2,0.05,CAS23,CAS23,365,1826,FALSE,244,PRE_ABO_CAS
0.25,0.15,0.3,0,0,0.05,0.2,0.05,CAS23,CAS23,365,1826,FALSE,245,PRE_ABO_CAS
0.25,0.2,0,0,0.25,0.05,0.2,0.05,CAS23,CAS23,365,1826,FALSE,246,PRE_ABO_CAS
0.25,0.2,0,0.05,0.2,0.05,0.2,0.05,CAS23,CAS23,365,1826,FALSE,247,PRE_ABO_CAS
0.25,0.2,0,0.1,0.15,0.05,0.2,0.05,CAS23,CAS23,365,1826,FALSE,248,PRE_ABO_CAS
0.25,0.2,0,0.15,0.1,0.05,0.2,0.05,CAS23,CAS23,365,1826,FALSE,249,PRE_ABO_CAS
0.25,0.2,0,0.2,0.05,0.05,0.2,0.05,CAS23,CAS23,365,1826,FALSE,250,PRE_ABO_CAS
0.25,0.2,0,0.25,0,0.05,0.2,0.05,CAS23,CAS23,365,1826,FALSE,251,PRE_ABO_CAS
0.25,0.2,0.05,0,0.2,0.05,0.2,0.05,CAS23,CAS23,365,1826,FALSE,252,PRE_ABO_CAS
0.25,0.2,0.05,0.05,0.15,0.05,0.2,0.05,CAS23,CAS23,365,1826,FALSE,253,PRE_ABO_CAS
0.25,0.2,0.05,0.1,0.1,0.05,0.2,0.05,CAS23,CAS23,365,1826,FALSE,254,PRE_ABO_CAS
0.25,0.2,0.05,0.15,0.05,0.05,0.2,0.05,CAS23,CAS23,365,1826,FALSE,255,PRE_ABO_CAS
0.25,0.2,0.05,0.2,0,0.05,0.2,0.05,CAS23,CAS23,365,1826,FALSE,256,PRE_ABO_CAS
0.25,0.2,0.1,0,0.15,0.05,0.2,0.05,CAS23,CAS23,365,1826,FALSE,257,PRE_ABO_CAS
0.25,0.2,0.1,0.05,0.1,0.05,0.2,0.05,CAS23,CAS23,365,1826,FALSE,258,PRE_ABO_CAS
0.25,0.2,0.1,0.1,0.05,0.05,0.2,0.05,CAS23,CAS23,365,1826,FALSE,259,PRE_ABO_CAS
0.25,0.2,0.1,0.15,0,0.05,0.2,0.05,CAS23,CAS23,365,1826,FALSE,260,PRE_ABO_CAS
0.25,0.2,0.15,0,0.1,0.05,0.2,0.05,CAS23,CAS23,365,1826,FALSE,261,PRE_ABO_CAS
0.25,0.2,0.15,0.05,0.05,0.05,0.2,0.05,CAS23,CAS23,365,1826,FALSE,262,PRE_ABO_CAS
0.25,0.2,0.15,0.1,0,0.05,0.2,0.05,CAS23,CAS23,365,1826,FALSE,263,PRE_ABO_CAS
0.25,0.2,0.2,0,0.05,0.05,0.2,0.05,CAS23,CAS23,365,1826,FALSE,264,PRE_ABO_CAS
0.25,0.2,0.2,0.05,0,0.05,0.2,0.05,CAS23,CAS23,365,1826,FALSE,265,PRE_ABO_CAS
0.25,0.2,0.25,0,0,0.05,0.2,0.05,CAS23,CAS23,365,1826,FALSE,266,PRE_ABO_CAS
0.25,0.25,0,0,0.2,0.05,0.2,0.05,CAS23,CAS23,365,1826,FALSE,267,PRE_ABO_CAS
0.25,0.25,0,0.05,0.15,0.05,0.2,0.05,CAS23,CAS23,365,1826,FALSE,268,PRE_ABO_CAS
0.25,0.25,0,0.1,0.1,0.05,0.2,0.05,CAS23,CAS23,365,1826,FALSE,269,PRE_ABO_CAS
0.25,0.25,0,0.15,0.05,0.05,0.2,0.05,CAS23,CAS23,365,1826,FALSE,270,PRE_ABO_CAS
0.25,0.25,0,0.2,0,0.05,0.2,0.05,CAS23,CAS23,365,1826,FALSE,271,PRE_ABO_CAS
0.25,0.25,0.05,0,0.15,0.05,0.2,0.05,CAS23,CAS23,365,1826,FALSE,272,PRE_ABO_CAS
0.25,0.25,0.05,0.05,0.1,0.05,0.2,0.05,CAS23,CAS23,365,1826,FALSE,273,PRE_ABO_CAS
0.25,0.25,0.05,0.1,0.05,0.05,0.2,0.05,CAS23,CAS23,365,1826,FALSE,274,PRE_ABO_CAS
0.25,0.25,0.05,0.15,0,0.05,0.2,0.05,CAS23,CAS23,365,1826,FALSE,275,PRE_ABO_CAS
0.25,0.25,0.1,0,0.1,0.05,0.2,0.05,CAS23,CAS23,365,1826,FALSE,276,PRE_ABO_CAS
0.25,0.25,0.1,0.05,0.05,0.05,0.2,0.05,CAS23,CAS23,365,1826,FALSE,277,PRE_ABO_CAS
0.25,0.25,0.1,0.1,0,0.05,0.2,0.05,CAS23,CAS23,365,1826,FALSE,278,PRE_ABO_CAS
0.25,0.25,0.15,0,0.05,0.05,0.2,0.05,CAS23,CAS23,365,1826,FALSE,279,PRE_ABO_CAS
0.25,0.25,0.15,0.05,0,0.05,0.2,0.05,CAS23,CAS23,365,1826,FALSE,280,PRE_ABO_CAS
0.25,0.25,0.2,0,0,0.05,0.2,0.05,CAS23,CAS23,365,1826,FALSE,281,PRE_ABO_CAS
0.25,0.3,0,0,0.15,0.05,0.2,0.05,CAS23,CAS23,365,1826,FALSE,282,PRE_ABO_CAS
0.25,0.3,0,0.05,0.1,0.05,0.2,0.05,CAS23,CAS23,365,1826,FALSE,283,PRE_ABO_CAS
0.25,0.3,0,0.1,0.05,0.05,0.2,0.05,CAS23,CAS23,365,1826,FALSE,284,PRE_ABO_CAS
0.25,0.3,0,0.15,0,0.05,0.2,0.05,CAS23,CAS23,365,1826,FALSE,285,PRE_ABO_CAS
0.25,0.3,0.05,0,0.1,0.05,0.2,0.05,CAS23,CAS23,365,1826,FALSE,286,PRE_ABO_CAS
0.25,0.3,0.05,0.05,0.05,0.05,0.2,0.05,CAS23,CAS23,365,1826,FALSE,287,PRE_ABO_CAS
0.25,0.3,0.05,0.1,0,0.05,0.2,0.05,CAS23,CAS23,365,1826,FALSE,288,PRE_ABO_CAS
0.25,0.3,0.1,0,0.05,0.05,0.2,0.05,CAS23,CAS23,365,1826,FALSE,289,PRE_ABO_CAS
0.25,0.3,0.1,0.05,0,0.05,0.2,0.05,CAS23,CAS23,365,1826,FALSE,290,PRE_ABO_CAS
0.25,0.3,0.15,0,0,0.05,0.2,0.05,CAS23,CAS23,365,1826,FALSE,291,PRE_ABO_CAS
0.25,0.35,0,0,0.1,0.05,0.2,0.05,CAS23,CAS23,365,1826,FALSE,292,PRE_ABO_CAS
0.25,0.35,0,0.05,0.05,0.05,0.2,0.05,CAS23,CAS23,365,1826,FALSE,293,PRE_ABO_CAS
0.25,0.35,0,0.1,0,0.05,0.2,0.05,CAS23,CAS23,365,1826,FALSE,294,PRE_ABO_CAS
0.25,0.35,0.05,0,0.05,0.05,0.2,0.05,CAS23,CAS23,365,1826,FALSE,295,PRE_ABO_CAS
0.25,0.35,0.05,0.05,0,0.05,0.2,0.05,CAS23,CAS23,365,1826,FALSE,296,PRE_ABO_CAS
0.25,0.35,0.1,0,0,0.05,0.2,0.05,CAS23,CAS23,365,1826,FALSE,297,PRE_ABO_CAS
0.3,0.15,0,0,0.25,0.05,0.2,0.05,CAS23,CAS23,365,1826,FALSE,298,PRE_ABO_CAS
0.3,0.15,0,0.05,0.2,0.05,0.2,0.05,CAS23,CAS23,365,1826,FALSE,299,PRE_ABO_CAS
0.3,0.15,0,0.1,0.15,0.05,0.2,0.05,CAS23,CAS23,365,1826,FALSE,300,PRE_ABO_CAS
0.3,0.15,0,0.15,0.1,0.05,0.2,0.05,CAS23,CAS23,365,1826,FALSE,301,PRE_ABO_CAS
0.3,0.15,0,0.2,0.05,0.05,0.2,0.05,CAS23,CAS23,365,1826,FALSE,302,PRE_ABO_CAS
0.3,0.15,0,0.25,0,0.05,0.2,0.05,CAS23,CAS23,365,1826,FALSE,303,PRE_ABO_CAS
0.3,0.15,0.05,0,0.2,0.05,0.2,0.05,CAS23,CAS23,365,1826,FALSE,304,PRE_ABO_CAS
0.3,0.15,0.05,0.05,0.15,0.05,0.2,0.05,CAS23,CAS23,365,1826,FALSE,305,PRE_ABO_CAS
0.3,0.15,0.05,0.1,0.1,0.05,0.2,0.05,CAS23,CAS23,365,1826,FALSE,306,PRE_ABO_CAS
0.3,0.15,0.05,0.15,0.05,0.05,0.2,0.05,CAS23,CAS23,365,1826,FALSE,307,PRE_ABO_CAS
0.3,0.15,0.05,0.2,0,0.05,0.2,0.05,CAS23,CAS23,365,1826,FALSE,308,PRE_ABO_CAS
0.3,0.15,0.1,0,0.15,0.05,0.2,0.05,CAS23,CAS23,365,1826,FALSE,309,PRE_ABO_CAS
0.3,0.15,0.1,0.05,0.1,0.05,0.2,0.05,CAS23,CAS23,365,1826,FALSE,310,PRE_ABO_CAS
0.3,0.15,0.1,0.1,0.05,0.05,0.2,0.05,CAS23,CAS23,365,1826,FALSE,311,PRE_ABO_CAS
0.3,0.15,0.1,0.15,0,0.05,0.2,0.05,CAS23,CAS23,365,1826,FALSE,312,PRE_ABO_CAS
0.3,0.15,0.15,0,0.1,0.05,0.2,0.05,CAS23,CAS23,365,1826,FALSE,313,PRE_ABO_CAS
0.3,0.15,0.15,0.05,0.05,0.05,0.2,0.05,CAS23,CAS23,365,1826,FALSE,314,PRE_ABO_CAS
0.3,0.15,0.15,0.1,0,0.05,0.2,0.05,CAS23,CAS23,365,1826,FALSE,315,PRE_ABO_CAS
0.3,0.15,0.2,0,0.05,0.05,0.2,0.05,CAS23,CAS23,365,1826,FALSE,316,PRE_ABO_CAS
0.3,0.15,0.2,0.05,0,0.05,0.2,0.05,CAS23,CAS23,365,1826,FALSE,317,PRE_ABO_CAS
0.3,0.15,0.25,0,0,0.05,0.2,0.05,CAS23,CAS23,365,1826,FALSE,318,PRE_ABO_CAS
0.3,0.2,0,0,0.2,0.05,0.2,0.05,CAS23,CAS23,365,1826,FALSE,319,PRE_ABO_CAS
0.3,0.2,0,0.05,0.15,0.05,0.2,0.05,CAS23,CAS23,365,1826,FALSE,320,PRE_ABO_CAS
0.3,0.2,0,0.1,0.1,0.05,0.2,0.05,CAS23,CAS23,365,1826,FALSE,321,PRE_ABO_CAS
0.3,0.2,0,0.15,0.05,0.05,0.2,0.05,CAS23,CAS23,365,1826,FALSE,322,PRE_ABO_CAS
0.3,0.2,0,0.2,0,0.05,0.2,0.05,CAS23,CAS23,365,1826,FALSE,323,PRE_ABO_CAS
0.3,0.2,0.05,0,0.15,0.05,0.2,0.05,CAS23,CAS23,365,1826,FALSE,324,PRE_ABO_CAS
0.3,0.2,0.05,0.05,0.1,0.05,0.2,0.05,CAS23,CAS23,365,1826,FALSE,325,PRE_ABO_CAS
0.3,0.2,0.05,0.1,0.05,0.05,0.2,0.05,CAS23,CAS23,365,1826,FALSE,326,PRE_ABO_CAS
0.3,0.2,0.05,0.15,0,0.05,0.2,0.05,CAS23,CAS23,365,1826,FALSE,327,PRE_ABO_CAS
0.3,0.2,0.1,0,0.1,0.05,0.2,0.05,CAS23,CAS23,365,1826,FALSE,328,PRE_ABO_CAS
0.3,0.2,0.1,0.05,0.05,0.05,0.2,0.05,CAS23,CAS23,365,1826,FALSE,329,PRE_ABO_CAS
0.3,0.2,0.1,0.1,0,0.05,0.2,0.05,CAS23,CAS23,365,1826,FALSE,330,PRE_ABO_CAS
0.3,0.2,0.15,0,0.05,0.05,0.2,0.05,CAS23,CAS23,365,1826,FALSE,331,PRE_ABO_CAS
0.3,0.2,0.15,0.05,0,0.05,0.2,0.05,CAS23,CAS23,365,1826,FALSE,332,PRE_ABO_CAS
0.3,0.2,0.2,0,0,0.05,0.2,0.05,CAS23,CAS23,365,1826,FALSE,333,PRE_ABO_CAS
0.3,0.25,0,0,0.15,0.05,0.2,0.05,CAS23,CAS23,365,1826,FALSE,334,PRE_ABO_CAS
0.3,0.25,0,0.05,0.1,0.05,0.2,0.05,CAS23,CAS23,365,1826,FALSE,335,PRE_ABO_CAS
0.3,0.25,0,0.1,0.05,0.05,0.2,0.05,CAS23,CAS23,365,1826,FALSE,336,PRE_ABO_CAS
0.3,0.25,0,0.15,0,0.05,0.2,0.05,CAS23,CAS23,365,1826,FALSE,337,PRE_ABO_CAS
0.3,0.25,0.05,0,0.1,0.05,0.2,0.05,CAS23,CAS23,365,1826,FALSE,338,PRE_ABO_CAS
0.3,0.25,0.05,0.05,0.05,0.05,0.2,0.05,CAS23,CAS23,365,1826,FALSE,339,PRE_ABO_CAS
0.3,0.25,0.05,0.1,0,0.05,0.2,0.05,CAS23,CAS23,365,1826,FALSE,340,PRE_ABO_CAS
0.3,0.25,0.1,0,0.05,0.05,0.2,0.05,CAS23,CAS23,365,1826,FALSE,341,PRE_ABO_CAS
0.3,0.25,0.1,0.05,0,0.05,0.2,0.05,CAS23,CAS23,365,1826,FALSE,342,PRE_ABO_CAS
0.3,0.25,0.15,0,0,0.05,0.2,0.05,CAS23,CAS23,365,1826,FALSE,343,PRE_ABO_CAS
0.3,0.3,0,0,0.1,0.05,0.2,0.05,CAS23,CAS23,365,1826,FALSE,344,PRE_ABO_CAS
0.3,0.3,0,0.05,0.05,0.05,0.2,0.05,CAS23,CAS23,365,1826,FALSE,345,PRE_ABO_CAS
0.3,0.3,0,0.1,0,0.05,0.2,0.05,CAS23,CAS23,365,1826,FALSE,346,PRE_ABO_CAS
0.3,0.3,0.05,0,0.05,0.05,0.2,0.05,CAS23,CAS23,365,1826,FALSE,347,PRE_ABO_CAS
0.3,0.3,0.05,0.05,0,0.05,0.2,0.05,CAS23,CAS23,365,1826,FALSE,348,PRE_ABO_CAS
0.3,0.3,0.1,0,0,0.05,0.2,0.05,CAS23,CAS23,365,1826,FALSE,349,PRE_ABO_CAS
0.3,0.35,0,0,0.05,0.05,0.2,0.05,CAS23,CAS23,365,1826,FALSE,350,PRE_ABO_CAS
0.3,0.35,0,0.05,0,0.05,0.2,0.05,CAS23,CAS23,365,1826,FALSE,351,PRE_ABO_CAS
0.3,0.35,0.05,0,0,0.05,0.2,0.05,CAS23,CAS23,365,1826,FALSE,352,PRE_ABO_CAS
0.35,0.15,0,0,0.2,0.05,0.2,0.05,CAS23,CAS23,365,1826,FALSE,353,PRE_ABO_CAS
0.35,0.15,0,0.05,0.15,0.05,0.2,0.05,CAS23,CAS23,365,1826,FALSE,354,PRE_ABO_CAS
0.35,0.15,0,0.1,0.1,0.05,0.2,0.05,CAS23,CAS23,365,1826,FALSE,355,PRE_ABO_CAS
0.35,0.15,0,0.15,0.05,0.05,0.2,0.05,CAS23,CAS23,365,1826,FALSE,356,PRE_ABO_CAS
0.35,0.15,0,0.2,0,0.05,0.2,0.05,CAS23,CAS23,365,1826,FALSE,357,PRE_ABO_CAS
0.35,0.15,0.05,0,0.15,0.05,0.2,0.05,CAS23,CAS23,365,1826,FALSE,358,PRE_ABO_CAS
0.35,0.15,0.05,0.05,0.1,0.05,0.2,0.05,CAS23,CAS23,365,1826,FALSE,359,PRE_ABO_CAS
0.35,0.15,0.05,0.1,0.05,0.05,0.2,0.05,CAS23,CAS23,365,1826,FALSE,360,PRE_ABO_CAS
0.35,0.15,0.05,0.15,0,0.05,0.2,0.05,CAS23,CAS23,365,1826,FALSE,361,PRE_ABO_CAS
0.35,0.15,0.1,0,0.1,0.05,0.2,0.05,CAS23,CAS23,365,1826,FALSE,362,PRE_ABO_CAS
0.35,0.15,0.1,0.05,0.05,0.05,0.2,0.05,CAS23,CAS23,365,1826,FALSE,363,PRE_ABO_CAS
0.35,0.15,0.1,0.1,0,0.05,0.2,0.05,CAS23,CAS23,365,1826,FALSE,364,PRE_ABO_CAS
0.35,0.15,0.15,0,0.05,0.05,0.2,0.05,CAS23,CAS23,365,1826,FALSE,365,PRE_ABO_CAS
0.35,0.15,0.15,0.05,0,0.05,0.2,0.05,CAS23,CAS23,365,1826,FALSE,366,PRE_ABO_CAS
0.35,0.15,0.2,0,0,0.05,0.2,0.05,CAS23,CAS23,365,1826,FALSE,367,PRE_ABO_CAS
0.35,0.2,0,0,0.15,0.05,0.2,0.05,CAS23,CAS23,365,1826,FALSE,368,PRE_ABO_CAS
0.35,0.2,0,0.05,0.1,0.05,0.2,0.05,CAS23,CAS23,365,1826,FALSE,369,PRE_ABO_CAS
0.35,0.2,0,0.1,0.05,0.05,0.2,0.05,CAS23,CAS23,365,1826,FALSE,370,PRE_ABO_CAS
0.35,0.2,0,0.15,0,0.05,0.2,0.05,CAS23,CAS23,365,1826,FALSE,371,PRE_ABO_CAS
0.35,0.2,0.05,0,0.1,0.05,0.2,0.05,CAS23,CAS23,365,1826,FALSE,372,PRE_ABO_CAS
0.35,0.2,0.05,0.05,0.05,0.05,0.2,0.05,CAS23,CAS23,365,1826,FALSE,373,PRE_ABO_CAS
0.35,0.2,0.05,0.1,0,0.05,0.2,0.05,CAS23,CAS23,365,1826,FALSE,374,PRE_ABO_CAS
0.35,0.2,0.1,0,0.05,0.05,0.2,0.05,CAS23,CAS23,365,1826,FALSE,375,PRE_ABO_CAS
0.35,0.2,0.1,0.05,0,0.05,0.2,0.05,CAS23,CAS23,365,1826,FALSE,376,PRE_ABO_CAS
0.35,0.2,0.15,0,0,0.05,0.2,0.05,CAS23,CAS23,365,1826,FALSE,377,PRE_ABO_CAS
0.35,0.25,0,0,0.1,0.05,0.2,0.05,CAS23,CAS23,365,1826,FALSE,378,PRE_ABO_CAS
0.35,0.25,0,0.05,0.05,0.05,0.2,0.05,CAS23,CAS23,365,1826,FALSE,379,PRE_ABO_CAS
0.35,0.25,0,0.1,0,0.05,0.2,0.05,CAS23,CAS23,365,1826,FALSE,380,PRE_ABO_CAS
0.35,0.25,0.05,0,0.05,0.05,0.2,0.05,CAS23,CAS23,365,1826,FALSE,381,PRE_ABO_CAS
0.35,0.25,0.05,0.05,0,0.05,0.2,0.05,CAS23,CAS23,365,1826,FALSE,382,PRE_ABO_CAS
0.35,0.25,0.1,0,0,0.05,0.2,0.05,CAS23,CAS23,365,1826,FALSE,383,PRE_ABO_CAS
0.35,0.3,0,0,0.05,0.05,0.2,0.05,CAS23,CAS23,365,1826,FALSE,384,PRE_ABO_CAS
0.35,0.3,0,0.05,0,0.05,0.2,0.05,CAS23,CAS23,365,1826,FALSE,385,PRE_ABO_CAS
0.35,0.3,0.05,0,0,0.05,0.2,0.05,CAS23,CAS23,365,1826,FALSE,386,PRE_ABO_CAS
0.35,0.35,0,0,0,0.05,0.2,0.05,CAS23,CAS23,365,1826,FALSE,387,PRE_ABO_CAS
