wl_weight,post_tx_weight,efficiency_weight,cpra_weight,peds_weight,pld_weight,bio_weight,wl_model,post_tx_model,wl_cap,post_tx_cap,checks,match_alg_name,default,params_1
0.15,0.15,0.3,0.05,0.2,0.05,0.1,CAS23,CAS23,365,1826,FALSE,Supply CAS,FALSE,1
0.15,0.15,0.25,0.05,0.2,0.05,0.15,CAS23,CAS23,365,1826,FALSE,Supply CAS,FALSE,2
0.15,0.15,0.2,0.05,0.2,0.05,0.2,CAS23,CAS23,365,1826,FALSE,Supply CAS,FALSE,3
0.15,0.15,0.15,0.05,0.2,0.05,0.25,CAS23,CAS23,365,1826,FALSE,Supply CAS,FALSE,4
0.15,0.15,0.1,0.05,0.2,0.05,0.3,CAS23,CAS23,365,1826,FALSE,Supply CAS,FALSE,5
0.15,0.15,0.3,0.05,0.2,0.05,0.1,CAS23,CAS23,365,1826,FALSE,Supply CAS,FALSE,6
0.15,0.15,0.25,0.05,0.2,0.05,0.15,CAS23,CAS23,365,1826,FALSE,Supply CAS,FALSE,7
0.15,0.15,0.2,0.05,0.2,0.05,0.2,CAS23,CAS23,365,1826,FALSE,Supply CAS,FALSE,8
0.15,0.15,0.15,0.05,0.2,0.05,0.25,CAS23,CAS23,365,1826,FALSE,Supply CAS,FALSE,9
0.15,0.15,0.1,0.05,0.2,0.05,0.3,CAS23,CAS23,365,1826,FALSE,Supply CAS,FALSE,10
0.15,0.15,0.3,0.05,0.2,0.05,0.1,CAS23,CAS23,365,1826,FALSE,Supply CAS,FALSE,11
0.15,0.15,0.25,0.05,0.2,0.05,0.15,CAS23,CAS23,365,1826,FALSE,Supply CAS,FALSE,12
0.15,0.15,0.2,0.05,0.2,0.05,0.2,CAS23,CAS23,365,1826,FALSE,Supply CAS,FALSE,13
0.15,0.15,0.15,0.05,0.2,0.05,0.25,CAS23,CAS23,365,1826,FALSE,Supply CAS,FALSE,14
0.15,0.15,0.1,0.05,0.2,0.05,0.3,CAS23,CAS23,365,1826,FALSE,Supply CAS,FALSE,15
0.15,0.15,0.25,0.05,0.2,0.05,0.15,CAS23,CAS23,365,1826,FALSE,Supply CAS,FALSE,16
0.15,0.15,0.2,0.05,0.2,0.05,0.2,CAS23,CAS23,365,1826,FALSE,Supply CAS,FALSE,17
0.15,0.15,0.15,0.05,0.2,0.05,0.25,CAS23,CAS23,365,1826,FALSE,Supply CAS,FALSE,18
0.15,0.15,0.1,0.05,0.2,0.05,0.3,CAS23,CAS23,365,1826,FALSE,Supply CAS,FALSE,19
0.15,0.15,0.2,0.05,0.2,0.05,0.2,CAS23,CAS23,365,1826,FALSE,Supply CAS,FALSE,20
0.15,0.15,0.15,0.05,0.2,0.05,0.25,CAS23,CAS23,365,1826,FALSE,Supply CAS,FALSE,21
0.15,0.15,0.1,0.05,0.2,0.05,0.3,CAS23,CAS23,365,1826,FALSE,Supply CAS,FALSE,22
0.15,0.15,0.15,0.05,0.2,0.05,0.25,CAS23,CAS23,365,1826,FALSE,Supply CAS,FALSE,23
0.15,0.15,0.1,0.05,0.2,0.05,0.3,CAS23,CAS23,365,1826,FALSE,Supply CAS,FALSE,24
0.15,0.15,0.1,0.05,0.2,0.05,0.3,CAS23,CAS23,365,1826,FALSE,Supply CAS,FALSE,25
0.15,0.2,0.3,0.05,0.2,0.05,0.05,CAS23,CAS23,365,1826,FALSE,Supply CAS,FALSE,26
0.15,0.2,0.25,0.05,0.2,0.05,0.1,CAS23,CAS23,365,1826,FALSE,Supply CAS,FALSE,27
0.15,0.2,0.2,0.05,0.2,0.05,0.15,CAS23,CAS23,365,1826,FALSE,Supply CAS,FALSE,28
0.15,0.2,0.15,0.05,0.2,0.05,0.2,CAS23,CAS23,365,1826,FALSE,Supply CAS,FALSE,29
0.15,0.2,0.1,0.05,0.2,0.05,0.25,CAS23,CAS23,365,1826,FALSE,Supply CAS,FALSE,30
0.15,0.2,0.05,0.05,0.2,0.05,0.3,CAS23,CAS23,365,1826,FALSE,Supply CAS,FALSE,31
0.15,0.2,0.3,0.05,0.2,0.05,0.05,CAS23,CAS23,365,1826,FALSE,Supply CAS,FALSE,32
0.15,0.2,0.25,0.05,0.2,0.05,0.1,CAS23,CAS23,365,1826,FALSE,Supply CAS,FALSE,33
0.15,0.2,0.2,0.05,0.2,0.05,0.15,CAS23,CAS23,365,1826,FALSE,Supply CAS,FALSE,34
0.15,0.2,0.15,0.05,0.2,0.05,0.2,CAS23,CAS23,365,1826,FALSE,Supply CAS,FALSE,35
0.15,0.2,0.1,0.05,0.2,0.05,0.25,CAS23,CAS23,365,1826,FALSE,Supply CAS,FALSE,36
0.15,0.2,0.05,0.05,0.2,0.05,0.3,CAS23,CAS23,365,1826,FALSE,Supply CAS,FALSE,37
0.15,0.2,0.25,0.05,0.2,0.05,0.1,CAS23,CAS23,365,1826,FALSE,Supply CAS,FALSE,38
0.15,0.2,0.2,0.05,0.2,0.05,0.15,CAS23,CAS23,365,1826,FALSE,Supply CAS,FALSE,39
0.15,0.2,0.15,0.05,0.2,0.05,0.2,CAS23,CAS23,365,1826,FALSE,Supply CAS,FALSE,40
0.15,0.2,0.1,0.05,0.2,0.05,0.25,CAS23,CAS23,365,1826,FALSE,Supply CAS,FALSE,41
0.15,0.2,0.05,0.05,0.2,0.05,0.3,CAS23,CAS23,365,1826,FALSE,Supply CAS,FALSE,42
0.15,0.2,0.2,0.05,0.2,0.05,0.15,CAS23,CAS23,365,1826,FALSE,Supply CAS,FALSE,43
0.15,0.2,0.15,0.05,0.2,0.05,0.2,CAS23,CAS23,365,1826,FALSE,Supply CAS,FALSE,44
0.15,0.2,0.1,0.05,0.2,0.05,0.25,CAS23,CAS23,365,1826,FALSE,Supply CAS,FALSE,45
0.15,0.2,0.05,0.05,0.2,0.05,0.3,CAS23,CAS23,365,1826,FALSE,Supply CAS,FALSE,46
0.15,0.2,0.15,0.05,0.2,0.05,0.2,CAS23,CAS23,365,1826,FALSE,Supply CAS,FALSE,47
0.15,0.2,0.1,0.05,0.2,0.05,0.25,CAS23,CAS23,365,1826,FALSE,Supply CAS,FALSE,48
0.15,0.2,0.05,0.05,0.2,0.05,0.3,CAS23,CAS23,365,1826,FALSE,Supply CAS,FALSE,49
0.15,0.2,0.1,0.05,0.2,0.05,0.25,CAS23,CAS23,365,1826,FALSE,Supply CAS,FALSE,50
0.15,0.2,0.05,0.05,0.2,0.05,0.3,CAS23,CAS23,365,1826,FALSE,Supply CAS,FALSE,51
0.15,0.2,0.05,0.05,0.2,0.05,0.3,CAS23,CAS23,365,1826,FALSE,Supply CAS,FALSE,52
0.15,0.25,0.3,0.05,0.2,0.05,0,CAS23,CAS23,365,1826,FALSE,Supply CAS,FALSE,53
0.15,0.25,0.25,0.05,0.2,0.05,0.05,CAS23,CAS23,365,1826,FALSE,Supply CAS,FALSE,54
0.15,0.25,0.2,0.05,0.2,0.05,0.1,CAS23,CAS23,365,1826,FALSE,Supply CAS,FALSE,55
0.15,0.25,0.15,0.05,0.2,0.05,0.15,CAS23,CAS23,365,1826,FALSE,Supply CAS,FALSE,56
0.15,0.25,0.1,0.05,0.2,0.05,0.2,CAS23,CAS23,365,1826,FALSE,Supply CAS,FALSE,57
0.15,0.25,0.05,0.05,0.2,0.05,0.25,CAS23,CAS23,365,1826,FALSE,Supply CAS,FALSE,58
0.15,0.25,0,0.05,0.2,0.05,0.3,CAS23,CAS23,365,1826,FALSE,Supply CAS,FALSE,59
0.15,0.25,0.25,0.05,0.2,0.05,0.05,CAS23,CAS23,365,1826,FALSE,Supply CAS,FALSE,60
0.15,0.25,0.2,0.05,0.2,0.05,0.1,CAS23,CAS23,365,1826,FALSE,Supply CAS,FALSE,61
0.15,0.25,0.15,0.05,0.2,0.05,0.15,CAS23,CAS23,365,1826,FALSE,Supply CAS,FALSE,62
0.15,0.25,0.1,0.05,0.2,0.05,0.2,CAS23,CAS23,365,1826,FALSE,Supply CAS,FALSE,63
0.15,0.25,0.05,0.05,0.2,0.05,0.25,CAS23,CAS23,365,1826,FALSE,Supply CAS,FALSE,64
0.15,0.25,0,0.05,0.2,0.05,0.3,CAS23,CAS23,365,1826,FALSE,Supply CAS,FALSE,65
0.15,0.25,0.2,0.05,0.2,0.05,0.1,CAS23,CAS23,365,1826,FALSE,Supply CAS,FALSE,66
0.15,0.25,0.15,0.05,0.2,0.05,0.15,CAS23,CAS23,365,1826,FALSE,Supply CAS,FALSE,67
0.15,0.25,0.1,0.05,0.2,0.05,0.2,CAS23,CAS23,365,1826,FALSE,Supply CAS,FALSE,68
0.15,0.25,0.05,0.05,0.2,0.05,0.25,CAS23,CAS23,365,1826,FALSE,Supply CAS,FALSE,69
0.15,0.25,0,0.05,0.2,0.05,0.3,CAS23,CAS23,365,1826,FALSE,Supply CAS,FALSE,70
0.15,0.25,0.15,0.05,0.2,0.05,0.15,CAS23,CAS23,365,1826,FALSE,Supply CAS,FALSE,71
0.15,0.25,0.1,0.05,0.2,0.05,0.2,CAS23,CAS23,365,1826,FALSE,Supply CAS,FALSE,72
0.15,0.25,0.05,0.05,0.2,0.05,0.25,CAS23,CAS23,365,1826,FALSE,Supply CAS,FALSE,73
0.15,0.25,0,0.05,0.2,0.05,0.3,CAS23,CAS23,365,1826,FALSE,Supply CAS,FALSE,74
0.15,0.25,0.1,0.05,0.2,0.05,0.2,CAS23,CAS23,365,1826,FALSE,Supply CAS,FALSE,75
0.15,0.25,0.05,0.05,0.2,0.05,0.25,CAS23,CAS23,365,1826,FALSE,Supply CAS,FALSE,76
0.15,0.25,0,0.05,0.2,0.05,0.3,CAS23,CAS23,365,1826,FALSE,Supply CAS,FALSE,77
0.15,0.25,0.05,0.05,0.2,0.05,0.25,CAS23,CAS23,365,1826,FALSE,Supply CAS,FALSE,78
0.15,0.25,0,0.05,0.2,0.05,0.3,CAS23,CAS23,365,1826,FALSE,Supply CAS,FALSE,79
0.15,0.25,0,0.05,0.2,0.05,0.3,CAS23,CAS23,365,1826,FALSE,Supply CAS,FALSE,80
0.15,0.3,0.25,0.05,0.2,0.05,0,CAS23,CAS23,365,1826,FALSE,Supply CAS,FALSE,81
0.15,0.3,0.2,0.05,0.2,0.05,0.05,CAS23,CAS23,365,1826,FALSE,Supply CAS,FALSE,82
0.15,0.3,0.15,0.05,0.2,0.05,0.1,CAS23,CAS23,365,1826,FALSE,Supply CAS,FALSE,83
0.15,0.3,0.1,0.05,0.2,0.05,0.15,CAS23,CAS23,365,1826,FALSE,Supply CAS,FALSE,84
0.15,0.3,0.05,0.05,0.2,0.05,0.2,CAS23,CAS23,365,1826,FALSE,Supply CAS,FALSE,85
0.15,0.3,0,0.05,0.2,0.05,0.25,CAS23,CAS23,365,1826,FALSE,Supply CAS,FALSE,86
0.15,0.3,0.2,0.05,0.2,0.05,0.05,CAS23,CAS23,365,1826,FALSE,Supply CAS,FALSE,87
0.15,0.3,0.15,0.05,0.2,0.05,0.1,CAS23,CAS23,365,1826,FALSE,Supply CAS,FALSE,88
0.15,0.3,0.1,0.05,0.2,0.05,0.15,CAS23,CAS23,365,1826,FALSE,Supply CAS,FALSE,89
0.15,0.3,0.05,0.05,0.2,0.05,0.2,CAS23,CAS23,365,1826,FALSE,Supply CAS,FALSE,90
0.15,0.3,0,0.05,0.2,0.05,0.25,CAS23,CAS23,365,1826,FALSE,Supply CAS,FALSE,91
0.15,0.3,0.15,0.05,0.2,0.05,0.1,CAS23,CAS23,365,1826,FALSE,Supply CAS,FALSE,92
0.15,0.3,0.1,0.05,0.2,0.05,0.15,CAS23,CAS23,365,1826,FALSE,Supply CAS,FALSE,93
0.15,0.3,0.05,0.05,0.2,0.05,0.2,CAS23,CAS23,365,1826,FALSE,Supply CAS,FALSE,94
0.15,0.3,0,0.05,0.2,0.05,0.25,CAS23,CAS23,365,1826,FALSE,Supply CAS,FALSE,95
0.15,0.3,0.1,0.05,0.2,0.05,0.15,CAS23,CAS23,365,1826,FALSE,Supply CAS,FALSE,96
0.15,0.3,0.05,0.05,0.2,0.05,0.2,CAS23,CAS23,365,1826,FALSE,Supply CAS,FALSE,97
0.15,0.3,0,0.05,0.2,0.05,0.25,CAS23,CAS23,365,1826,FALSE,Supply CAS,FALSE,98
0.15,0.3,0.05,0.05,0.2,0.05,0.2,CAS23,CAS23,365,1826,FALSE,Supply CAS,FALSE,99
0.15,0.3,0,0.05,0.2,0.05,0.25,CAS23,CAS23,365,1826,FALSE,Supply CAS,FALSE,100
0.15,0.3,0,0.05,0.2,0.05,0.25,CAS23,CAS23,365,1826,FALSE,Supply CAS,FALSE,101
0.15,0.35,0.2,0.05,0.2,0.05,0,CAS23,CAS23,365,1826,FALSE,Supply CAS,FALSE,102
0.15,0.35,0.15,0.05,0.2,0.05,0.05,CAS23,CAS23,365,1826,FALSE,Supply CAS,FALSE,103
0.15,0.35,0.1,0.05,0.2,0.05,0.1,CAS23,CAS23,365,1826,FALSE,Supply CAS,FALSE,104
0.15,0.35,0.05,0.05,0.2,0.05,0.15,CAS23,CAS23,365,1826,FALSE,Supply CAS,FALSE,105
0.15,0.35,0,0.05,0.2,0.05,0.2,CAS23,CAS23,365,1826,FALSE,Supply CAS,FALSE,106
0.15,0.35,0.15,0.05,0.2,0.05,0.05,CAS23,CAS23,365,1826,FALSE,Supply CAS,FALSE,107
0.15,0.35,0.1,0.05,0.2,0.05,0.1,CAS23,CAS23,365,1826,FALSE,Supply CAS,FALSE,108
0.15,0.35,0.05,0.05,0.2,0.05,0.15,CAS23,CAS23,365,1826,FALSE,Supply CAS,FALSE,109
0.15,0.35,0,0.05,0.2,0.05,0.2,CAS23,CAS23,365,1826,FALSE,Supply CAS,FALSE,110
0.15,0.35,0.1,0.05,0.2,0.05,0.1,CAS23,CAS23,365,1826,FALSE,Supply CAS,FALSE,111
0.15,0.35,0.05,0.05,0.2,0.05,0.15,CAS23,CAS23,365,1826,FALSE,Supply CAS,FALSE,112
0.15,0.35,0,0.05,0.2,0.05,0.2,CAS23,CAS23,365,1826,FALSE,Supply CAS,FALSE,113
0.15,0.35,0.05,0.05,0.2,0.05,0.15,CAS23,CAS23,365,1826,FALSE,Supply CAS,FALSE,114
0.15,0.35,0,0.05,0.2,0.05,0.2,CAS23,CAS23,365,1826,FALSE,Supply CAS,FALSE,115
0.15,0.35,0,0.05,0.2,0.05,0.2,CAS23,CAS23,365,1826,FALSE,Supply CAS,FALSE,116
0.2,0.15,0.3,0.05,0.2,0.05,0.05,CAS23,CAS23,365,1826,FALSE,Supply CAS,FALSE,117
0.2,0.15,0.25,0.05,0.2,0.05,0.1,CAS23,CAS23,365,1826,FALSE,Supply CAS,FALSE,118
0.2,0.15,0.2,0.05,0.2,0.05,0.15,CAS23,CAS23,365,1826,FALSE,Supply CAS,FALSE,119
0.2,0.15,0.15,0.05,0.2,0.05,0.2,CAS23,CAS23,365,1826,FALSE,Supply CAS,FALSE,120
0.2,0.15,0.1,0.05,0.2,0.05,0.25,CAS23,CAS23,365,1826,FALSE,Supply CAS,FALSE,121
0.2,0.15,0.05,0.05,0.2,0.05,0.3,CAS23,CAS23,365,1826,FALSE,Supply CAS,FALSE,122
0.2,0.15,0.3,0.05,0.2,0.05,0.05,CAS23,CAS23,365,1826,FALSE,Supply CAS,FALSE,123
0.2,0.15,0.25,0.05,0.2,0.05,0.1,CAS23,CAS23,365,1826,FALSE,Supply CAS,FALSE,124
0.2,0.15,0.2,0.05,0.2,0.05,0.15,CAS23,CAS23,365,1826,FALSE,Supply CAS,FALSE,125
0.2,0.15,0.15,0.05,0.2,0.05,0.2,CAS23,CAS23,365,1826,FALSE,Supply CAS,FALSE,126
0.2,0.15,0.1,0.05,0.2,0.05,0.25,CAS23,CAS23,365,1826,FALSE,Supply CAS,FALSE,127
0.2,0.15,0.05,0.05,0.2,0.05,0.3,CAS23,CAS23,365,1826,FALSE,Supply CAS,FALSE,128
0.2,0.15,0.25,0.05,0.2,0.05,0.1,CAS23,CAS23,365,1826,FALSE,Supply CAS,FALSE,129
0.2,0.15,0.2,0.05,0.2,0.05,0.15,CAS23,CAS23,365,1826,FALSE,Supply CAS,FALSE,130
0.2,0.15,0.15,0.05,0.2,0.05,0.2,CAS23,CAS23,365,1826,FALSE,Supply CAS,FALSE,131
0.2,0.15,0.1,0.05,0.2,0.05,0.25,CAS23,CAS23,365,1826,FALSE,Supply CAS,FALSE,132
0.2,0.15,0.05,0.05,0.2,0.05,0.3,CAS23,CAS23,365,1826,FALSE,Supply CAS,FALSE,133
0.2,0.15,0.2,0.05,0.2,0.05,0.15,CAS23,CAS23,365,1826,FALSE,Supply CAS,FALSE,134
0.2,0.15,0.15,0.05,0.2,0.05,0.2,CAS23,CAS23,365,1826,FALSE,Supply CAS,FALSE,135
0.2,0.15,0.1,0.05,0.2,0.05,0.25,CAS23,CAS23,365,1826,FALSE,Supply CAS,FALSE,136
0.2,0.15,0.05,0.05,0.2,0.05,0.3,CAS23,CAS23,365,1826,FALSE,Supply CAS,FALSE,137
0.2,0.15,0.15,0.05,0.2,0.05,0.2,CAS23,CAS23,365,1826,FALSE,Supply CAS,FALSE,138
0.2,0.15,0.1,0.05,0.2,0.05,0.25,CAS23,CAS23,365,1826,FALSE,Supply CAS,FALSE,139
0.2,0.15,0.05,0.05,0.2,0.05,0.3,CAS23,CAS23,365,1826,FALSE,Supply CAS,FALSE,140
0.2,0.15,0.1,0.05,0.2,0.05,0.25,CAS23,CAS23,365,1826,FALSE,Supply CAS,FALSE,141
0.2,0.15,0.05,0.05,0.2,0.05,0.3,CAS23,CAS23,365,1826,FALSE,Supply CAS,FALSE,142
0.2,0.15,0.05,0.05,0.2,0.05,0.3,CAS23,CAS23,365,1826,FALSE,Supply CAS,FALSE,143
0.2,0.2,0.3,0.05,0.2,0.05,0,CAS23,CAS23,365,1826,FALSE,Supply CAS,FALSE,144
0.2,0.2,0.25,0.05,0.2,0.05,0.05,CAS23,CAS23,365,1826,FALSE,Supply CAS,FALSE,145
0.2,0.2,0.2,0.05,0.2,0.05,0.1,CAS23,CAS23,365,1826,FALSE,Supply CAS,FALSE,146
0.2,0.2,0.15,0.05,0.2,0.05,0.15,CAS23,CAS23,365,1826,FALSE,Supply CAS,FALSE,147
0.2,0.2,0.1,0.05,0.2,0.05,0.2,CAS23,CAS23,365,1826,FALSE,Supply CAS,FALSE,148
0.2,0.2,0.05,0.05,0.2,0.05,0.25,CAS23,CAS23,365,1826,FALSE,Supply CAS,FALSE,149
0.2,0.2,0,0.05,0.2,0.05,0.3,CAS23,CAS23,365,1826,FALSE,Supply CAS,FALSE,150
0.2,0.2,0.25,0.05,0.2,0.05,0.05,CAS23,CAS23,365,1826,FALSE,Supply CAS,FALSE,151
0.2,0.2,0.2,0.05,0.2,0.05,0.1,CAS23,CAS23,365,1826,FALSE,Supply CAS,FALSE,152
0.2,0.2,0.15,0.05,0.2,0.05,0.15,CAS23,CAS23,365,1826,FALSE,Supply CAS,FALSE,153
0.2,0.2,0.1,0.05,0.2,0.05,0.2,CAS23,CAS23,365,1826,FALSE,Supply CAS,FALSE,154
0.2,0.2,0.05,0.05,0.2,0.05,0.25,CAS23,CAS23,365,1826,FALSE,Supply CAS,FALSE,155
0.2,0.2,0,0.05,0.2,0.05,0.3,CAS23,CAS23,365,1826,FALSE,Supply CAS,FALSE,156
0.2,0.2,0.2,0.05,0.2,0.05,0.1,CAS23,CAS23,365,1826,FALSE,Supply CAS,FALSE,157
0.2,0.2,0.15,0.05,0.2,0.05,0.15,CAS23,CAS23,365,1826,FALSE,Supply CAS,FALSE,158
0.2,0.2,0.1,0.05,0.2,0.05,0.2,CAS23,CAS23,365,1826,FALSE,Supply CAS,FALSE,159
0.2,0.2,0.05,0.05,0.2,0.05,0.25,CAS23,CAS23,365,1826,FALSE,Supply CAS,FALSE,160
0.2,0.2,0,0.05,0.2,0.05,0.3,CAS23,CAS23,365,1826,FALSE,Supply CAS,FALSE,161
0.2,0.2,0.15,0.05,0.2,0.05,0.15,CAS23,CAS23,365,1826,FALSE,Supply CAS,FALSE,162
0.2,0.2,0.1,0.05,0.2,0.05,0.2,CAS23,CAS23,365,1826,FALSE,Supply CAS,FALSE,163
0.2,0.2,0.05,0.05,0.2,0.05,0.25,CAS23,CAS23,365,1826,FALSE,Supply CAS,FALSE,164
0.2,0.2,0,0.05,0.2,0.05,0.3,CAS23,CAS23,365,1826,FALSE,Supply CAS,FALSE,165
0.2,0.2,0.1,0.05,0.2,0.05,0.2,CAS23,CAS23,365,1826,FALSE,Supply CAS,FALSE,166
0.2,0.2,0.05,0.05,0.2,0.05,0.25,CAS23,CAS23,365,1826,FALSE,Supply CAS,FALSE,167
0.2,0.2,0,0.05,0.2,0.05,0.3,CAS23,CAS23,365,1826,FALSE,Supply CAS,FALSE,168
0.2,0.2,0.05,0.05,0.2,0.05,0.25,CAS23,CAS23,365,1826,FALSE,Supply CAS,FALSE,169
0.2,0.2,0,0.05,0.2,0.05,0.3,CAS23,CAS23,365,1826,FALSE,Supply CAS,FALSE,170
0.2,0.2,0,0.05,0.2,0.05,0.3,CAS23,CAS23,365,1826,FALSE,Supply CAS,FALSE,171
0.2,0.25,0.25,0.05,0.2,0.05,0,CAS23,CAS23,365,1826,FALSE,Supply CAS,FALSE,172
0.2,0.25,0.2,0.05,0.2,0.05,0.05,CAS23,CAS23,365,1826,FALSE,Supply CAS,FALSE,173
0.2,0.25,0.15,0.05,0.2,0.05,0.1,CAS23,CAS23,365,1826,FALSE,Supply CAS,FALSE,174
0.2,0.25,0.1,0.05,0.2,0.05,0.15,CAS23,CAS23,365,1826,FALSE,Supply CAS,FALSE,175
0.2,0.25,0.05,0.05,0.2,0.05,0.2,CAS23,CAS23,365,1826,FALSE,Supply CAS,FALSE,176
0.2,0.25,0,0.05,0.2,0.05,0.25,CAS23,CAS23,365,1826,FALSE,Supply CAS,FALSE,177
0.2,0.25,0.2,0.05,0.2,0.05,0.05,CAS23,CAS23,365,1826,FALSE,Supply CAS,FALSE,178
0.2,0.25,0.15,0.05,0.2,0.05,0.1,CAS23,CAS23,365,1826,FALSE,Supply CAS,FALSE,179
0.2,0.25,0.1,0.05,0.2,0.05,0.15,CAS23,CAS23,365,1826,FALSE,Supply CAS,FALSE,180
0.2,0.25,0.05,0.05,0.2,0.05,0.2,CAS23,CAS23,365,1826,FALSE,Supply CAS,FALSE,181
0.2,0.25,0,0.05,0.2,0.05,0.25,CAS23,CAS23,365,1826,FALSE,Supply CAS,FALSE,182
0.2,0.25,0.15,0.05,0.2,0.05,0.1,CAS23,CAS23,365,1826,FALSE,Supply CAS,FALSE,183
0.2,0.25,0.1,0.05,0.2,0.05,0.15,CAS23,CAS23,365,1826,FALSE,Supply CAS,FALSE,184
0.2,0.25,0.05,0.05,0.2,0.05,0.2,CAS23,CAS23,365,1826,FALSE,Supply CAS,FALSE,185
0.2,0.25,0,0.05,0.2,0.05,0.25,CAS23,CAS23,365,1826,FALSE,Supply CAS,FALSE,186
0.2,0.25,0.1,0.05,0.2,0.05,0.15,CAS23,CAS23,365,1826,FALSE,Supply CAS,FALSE,187
0.2,0.25,0.05,0.05,0.2,0.05,0.2,CAS23,CAS23,365,1826,FALSE,Supply CAS,FALSE,188
0.2,0.25,0,0.05,0.2,0.05,0.25,CAS23,CAS23,365,1826,FALSE,Supply CAS,FALSE,189
0.2,0.25,0.05,0.05,0.2,0.05,0.2,CAS23,CAS23,365,1826,FALSE,Supply CAS,FALSE,190
0.2,0.25,0,0.05,0.2,0.05,0.25,CAS23,CAS23,365,1826,FALSE,Supply CAS,FALSE,191
0.2,0.25,0,0.05,0.2,0.05,0.25,CAS23,CAS23,365,1826,FALSE,Supply CAS,FALSE,192
0.2,0.3,0.2,0.05,0.2,0.05,0,CAS23,CAS23,365,1826,FALSE,Supply CAS,FALSE,193
0.2,0.3,0.15,0.05,0.2,0.05,0.05,CAS23,CAS23,365,1826,FALSE,Supply CAS,FALSE,194
0.2,0.3,0.1,0.05,0.2,0.05,0.1,CAS23,CAS23,365,1826,FALSE,Supply CAS,FALSE,195
0.2,0.3,0.05,0.05,0.2,0.05,0.15,CAS23,CAS23,365,1826,FALSE,Supply CAS,FALSE,196
0.2,0.3,0,0.05,0.2,0.05,0.2,CAS23,CAS23,365,1826,FALSE,Supply CAS,FALSE,197
0.2,0.3,0.15,0.05,0.2,0.05,0.05,CAS23,CAS23,365,1826,FALSE,Supply CAS,FALSE,198
0.2,0.3,0.1,0.05,0.2,0.05,0.1,CAS23,CAS23,365,1826,FALSE,Supply CAS,FALSE,199
0.2,0.3,0.05,0.05,0.2,0.05,0.15,CAS23,CAS23,365,1826,FALSE,Supply CAS,FALSE,200
0.2,0.3,0,0.05,0.2,0.05,0.2,CAS23,CAS23,365,1826,FALSE,Supply CAS,FALSE,201
0.2,0.3,0.1,0.05,0.2,0.05,0.1,CAS23,CAS23,365,1826,FALSE,Supply CAS,FALSE,202
0.2,0.3,0.05,0.05,0.2,0.05,0.15,CAS23,CAS23,365,1826,FALSE,Supply CAS,FALSE,203
0.2,0.3,0,0.05,0.2,0.05,0.2,CAS23,CAS23,365,1826,FALSE,Supply CAS,FALSE,204
0.2,0.3,0.05,0.05,0.2,0.05,0.15,CAS23,CAS23,365,1826,FALSE,Supply CAS,FALSE,205
0.2,0.3,0,0.05,0.2,0.05,0.2,CAS23,CAS23,365,1826,FALSE,Supply CAS,FALSE,206
0.2,0.3,0,0.05,0.2,0.05,0.2,CAS23,CAS23,365,1826,FALSE,Supply CAS,FALSE,207
0.2,0.35,0.15,0.05,0.2,0.05,0,CAS23,CAS23,365,1826,FALSE,Supply CAS,FALSE,208
0.2,0.35,0.1,0.05,0.2,0.05,0.05,CAS23,CAS23,365,1826,FALSE,Supply CAS,FALSE,209
0.2,0.35,0.05,0.05,0.2,0.05,0.1,CAS23,CAS23,365,1826,FALSE,Supply CAS,FALSE,210
0.2,0.35,0,0.05,0.2,0.05,0.15,CAS23,CAS23,365,1826,FALSE,Supply CAS,FALSE,211
0.2,0.35,0.1,0.05,0.2,0.05,0.05,CAS23,CAS23,365,1826,FALSE,Supply CAS,FALSE,212
0.2,0.35,0.05,0.05,0.2,0.05,0.1,CAS23,CAS23,365,1826,FALSE,Supply CAS,FALSE,213
0.2,0.35,0,0.05,0.2,0.05,0.15,CAS23,CAS23,365,1826,FALSE,Supply CAS,FALSE,214
0.2,0.35,0.05,0.05,0.2,0.05,0.1,CAS23,CAS23,365,1826,FALSE,Supply CAS,FALSE,215
0.2,0.35,0,0.05,0.2,0.05,0.15,CAS23,CAS23,365,1826,FALSE,Supply CAS,FALSE,216
0.2,0.35,0,0.05,0.2,0.05,0.15,CAS23,CAS23,365,1826,FALSE,Supply CAS,FALSE,217
0.25,0.15,0.3,0.05,0.2,0.05,0,CAS23,CAS23,365,1826,FALSE,Supply CAS,FALSE,218
0.25,0.15,0.25,0.05,0.2,0.05,0.05,CAS23,CAS23,365,1826,FALSE,Supply CAS,FALSE,219
0.25,0.15,0.2,0.05,0.2,0.05,0.1,CAS23,CAS23,365,1826,FALSE,Supply CAS,FALSE,220
0.25,0.15,0.15,0.05,0.2,0.05,0.15,CAS23,CAS23,365,1826,FALSE,Supply CAS,FALSE,221
0.25,0.15,0.1,0.05,0.2,0.05,0.2,CAS23,CAS23,365,1826,FALSE,Supply CAS,FALSE,222
0.25,0.15,0.05,0.05,0.2,0.05,0.25,CAS23,CAS23,365,1826,FALSE,Supply CAS,FALSE,223
0.25,0.15,0,0.05,0.2,0.05,0.3,CAS23,CAS23,365,1826,FALSE,Supply CAS,FALSE,224
0.25,0.15,0.25,0.05,0.2,0.05,0.05,CAS23,CAS23,365,1826,FALSE,Supply CAS,FALSE,225
0.25,0.15,0.2,0.05,0.2,0.05,0.1,CAS23,CAS23,365,1826,FALSE,Supply CAS,FALSE,226
0.25,0.15,0.15,0.05,0.2,0.05,0.15,CAS23,CAS23,365,1826,FALSE,Supply CAS,FALSE,227
0.25,0.15,0.1,0.05,0.2,0.05,0.2,CAS23,CAS23,365,1826,FALSE,Supply CAS,FALSE,228
0.25,0.15,0.05,0.05,0.2,0.05,0.25,CAS23,CAS23,365,1826,FALSE,Supply CAS,FALSE,229
0.25,0.15,0,0.05,0.2,0.05,0.3,CAS23,CAS23,365,1826,FALSE,Supply CAS,FALSE,230
0.25,0.15,0.2,0.05,0.2,0.05,0.1,CAS23,CAS23,365,1826,FALSE,Supply CAS,FALSE,231
0.25,0.15,0.15,0.05,0.2,0.05,0.15,CAS23,CAS23,365,1826,FALSE,Supply CAS,FALSE,232
0.25,0.15,0.1,0.05,0.2,0.05,0.2,CAS23,CAS23,365,1826,FALSE,Supply CAS,FALSE,233
0.25,0.15,0.05,0.05,0.2,0.05,0.25,CAS23,CAS23,365,1826,FALSE,Supply CAS,FALSE,234
0.25,0.15,0,0.05,0.2,0.05,0.3,CAS23,CAS23,365,1826,FALSE,Supply CAS,FALSE,235
0.25,0.15,0.15,0.05,0.2,0.05,0.15,CAS23,CAS23,365,1826,FALSE,Supply CAS,FALSE,236
0.25,0.15,0.1,0.05,0.2,0.05,0.2,CAS23,CAS23,365,1826,FALSE,Supply CAS,FALSE,237
0.25,0.15,0.05,0.05,0.2,0.05,0.25,CAS23,CAS23,365,1826,FALSE,Supply CAS,FALSE,238
0.25,0.15,0,0.05,0.2,0.05,0.3,CAS23,CAS23,365,1826,FALSE,Supply CAS,FALSE,239
0.25,0.15,0.1,0.05,0.2,0.05,0.2,CAS23,CAS23,365,1826,FALSE,Supply CAS,FALSE,240
0.25,0.15,0.05,0.05,0.2,0.05,0.25,CAS23,CAS23,365,1826,FALSE,Supply CAS,FALSE,241
0.25,0.15,0,0.05,0.2,0.05,0.3,CAS23,CAS23,365,1826,FALSE,Supply CAS,FALSE,242
0.25,0.15,0.05,0.05,0.2,0.05,0.25,CAS23,CAS23,365,1826,FALSE,Supply CAS,FALSE,243
0.25,0.15,0,0.05,0.2,0.05,0.3,CAS23,CAS23,365,1826,FALSE,Supply CAS,FALSE,244
0.25,0.15,0,0.05,0.2,0.05,0.3,CAS23,CAS23,365,1826,FALSE,Supply CAS,FALSE,245
0.25,0.2,0.25,0.05,0.2,0.05,0,CAS23,CAS23,365,1826,FALSE,Supply CAS,FALSE,246
0.25,0.2,0.2,0.05,0.2,0.05,0.05,CAS23,CAS23,365,1826,FALSE,Supply CAS,FALSE,247
0.25,0.2,0.15,0.05,0.2,0.05,0.1,CAS23,CAS23,365,1826,FALSE,Supply CAS,FALSE,248
0.25,0.2,0.1,0.05,0.2,0.05,0.15,CAS23,CAS23,365,1826,FALSE,Supply CAS,FALSE,249
0.25,0.2,0.05,0.05,0.2,0.05,0.2,CAS23,CAS23,365,1826,FALSE,Supply CAS,FALSE,250
0.25,0.2,0,0.05,0.2,0.05,0.25,CAS23,CAS23,365,1826,FALSE,Supply CAS,FALSE,251
0.25,0.2,0.2,0.05,0.2,0.05,0.05,CAS23,CAS23,365,1826,FALSE,Supply CAS,FALSE,252
0.25,0.2,0.15,0.05,0.2,0.05,0.1,CAS23,CAS23,365,1826,FALSE,Supply CAS,FALSE,253
0.25,0.2,0.1,0.05,0.2,0.05,0.15,CAS23,CAS23,365,1826,FALSE,Supply CAS,FALSE,254
0.25,0.2,0.05,0.05,0.2,0.05,0.2,CAS23,CAS23,365,1826,FALSE,Supply CAS,FALSE,255
0.25,0.2,0,0.05,0.2,0.05,0.25,CAS23,CAS23,365,1826,FALSE,Supply CAS,FALSE,256
0.25,0.2,0.15,0.05,0.2,0.05,0.1,CAS23,CAS23,365,1826,FALSE,Supply CAS,FALSE,257
0.25,0.2,0.1,0.05,0.2,0.05,0.15,CAS23,CAS23,365,1826,FALSE,Supply CAS,FALSE,258
0.25,0.2,0.05,0.05,0.2,0.05,0.2,CAS23,CAS23,365,1826,FALSE,Supply CAS,FALSE,259
0.25,0.2,0,0.05,0.2,0.05,0.25,CAS23,CAS23,365,1826,FALSE,Supply CAS,FALSE,260
0.25,0.2,0.1,0.05,0.2,0.05,0.15,CAS23,CAS23,365,1826,FALSE,Supply CAS,FALSE,261
0.25,0.2,0.05,0.05,0.2,0.05,0.2,CAS23,CAS23,365,1826,FALSE,Supply CAS,FALSE,262
0.25,0.2,0,0.05,0.2,0.05,0.25,CAS23,CAS23,365,1826,FALSE,Supply CAS,FALSE,263
0.25,0.2,0.05,0.05,0.2,0.05,0.2,CAS23,CAS23,365,1826,FALSE,Supply CAS,FALSE,264
0.25,0.2,0,0.05,0.2,0.05,0.25,CAS23,CAS23,365,1826,FALSE,Supply CAS,FALSE,265
0.25,0.2,0,0.05,0.2,0.05,0.25,CAS23,CAS23,365,1826,FALSE,Supply CAS,FALSE,266
0.25,0.25,0.2,0.05,0.2,0.05,0,CAS23,CAS23,365,1826,FALSE,Supply CAS,FALSE,267
0.25,0.25,0.15,0.05,0.2,0.05,0.05,CAS23,CAS23,365,1826,FALSE,Supply CAS,FALSE,268
0.25,0.25,0.1,0.05,0.2,0.05,0.1,CAS23,CAS23,365,1826,FALSE,Supply CAS,FALSE,269
0.25,0.25,0.05,0.05,0.2,0.05,0.15,CAS23,CAS23,365,1826,FALSE,Supply CAS,FALSE,270
0.25,0.25,0,0.05,0.2,0.05,0.2,CAS23,CAS23,365,1826,FALSE,Supply CAS,FALSE,271
0.25,0.25,0.15,0.05,0.2,0.05,0.05,CAS23,CAS23,365,1826,FALSE,Supply CAS,FALSE,272
0.25,0.25,0.1,0.05,0.2,0.05,0.1,CAS23,CAS23,365,1826,FALSE,Supply CAS,FALSE,273
0.25,0.25,0.05,0.05,0.2,0.05,0.15,CAS23,CAS23,365,1826,FALSE,Supply CAS,FALSE,274
0.25,0.25,0,0.05,0.2,0.05,0.2,CAS23,CAS23,365,1826,FALSE,Supply CAS,FALSE,275
0.25,0.25,0.1,0.05,0.2,0.05,0.1,CAS23,CAS23,365,1826,FALSE,Supply CAS,FALSE,276
0.25,0.25,0.05,0.05,0.2,0.05,0.15,CAS23,CAS23,365,1826,FALSE,Supply CAS,FALSE,277
0.25,0.25,0,0.05,0.2,0.05,0.2,CAS23,CAS23,365,1826,FALSE,Supply CAS,FALSE,278
0.25,0.25,0.05,0.05,0.2,0.05,0.15,CAS23,CAS23,365,1826,FALSE,Supply CAS,FALSE,279
0.25,0.25,0,0.05,0.2,0.05,0.2,CAS23,CAS23,365,1826,FALSE,Supply CAS,FALSE,280
0.25,0.25,0,0.05,0.2,0.05,0.2,CAS23,CAS23,365,1826,FALSE,Supply CAS,FALSE,281
0.25,0.3,0.15,0.05,0.2,0.05,0,CAS23,CAS23,365,1826,FALSE,Supply CAS,FALSE,282
0.25,0.3,0.1,0.05,0.2,0.05,0.05,CAS23,CAS23,365,1826,FALSE,Supply CAS,FALSE,283
0.25,0.3,0.05,0.05,0.2,0.05,0.1,CAS23,CAS23,365,1826,FALSE,Supply CAS,FALSE,284
0.25,0.3,0,0.05,0.2,0.05,0.15,CAS23,CAS23,365,1826,FALSE,Supply CAS,FALSE,285
0.25,0.3,0.1,0.05,0.2,0.05,0.05,CAS23,CAS23,365,1826,FALSE,Supply CAS,FALSE,286
0.25,0.3,0.05,0.05,0.2,0.05,0.1,CAS23,CAS23,365,1826,FALSE,Supply CAS,FALSE,287
0.25,0.3,0,0.05,0.2,0.05,0.15,CAS23,CAS23,365,1826,FALSE,Supply CAS,FALSE,288
0.25,0.3,0.05,0.05,0.2,0.05,0.1,CAS23,CAS23,365,1826,FALSE,Supply CAS,FALSE,289
0.25,0.3,0,0.05,0.2,0.05,0.15,CAS23,CAS23,365,1826,FALSE,Supply CAS,FALSE,290
0.25,0.3,0,0.05,0.2,0.05,0.15,CAS23,CAS23,365,1826,FALSE,Supply CAS,FALSE,291
0.25,0.35,0.1,0.05,0.2,0.05,0,CAS23,CAS23,365,1826,FALSE,Supply CAS,FALSE,292
0.25,0.35,0.05,0.05,0.2,0.05,0.05,CAS23,CAS23,365,1826,FALSE,Supply CAS,FALSE,293
0.25,0.35,0,0.05,0.2,0.05,0.1,CAS23,CAS23,365,1826,FALSE,Supply CAS,FALSE,294
0.25,0.35,0.05,0.05,0.2,0.05,0.05,CAS23,CAS23,365,1826,FALSE,Supply CAS,FALSE,295
0.25,0.35,0,0.05,0.2,0.05,0.1,CAS23,CAS23,365,1826,FALSE,Supply CAS,FALSE,296
0.25,0.35,0,0.05,0.2,0.05,0.1,CAS23,CAS23,365,1826,FALSE,Supply CAS,FALSE,297
0.3,0.15,0.25,0.05,0.2,0.05,0,CAS23,CAS23,365,1826,FALSE,Supply CAS,FALSE,298
0.3,0.15,0.2,0.05,0.2,0.05,0.05,CAS23,CAS23,365,1826,FALSE,Supply CAS,FALSE,299
0.3,0.15,0.15,0.05,0.2,0.05,0.1,CAS23,CAS23,365,1826,FALSE,Supply CAS,FALSE,300
0.3,0.15,0.1,0.05,0.2,0.05,0.15,CAS23,CAS23,365,1826,FALSE,Supply CAS,FALSE,301
0.3,0.15,0.05,0.05,0.2,0.05,0.2,CAS23,CAS23,365,1826,FALSE,Supply CAS,FALSE,302
0.3,0.15,0,0.05,0.2,0.05,0.25,CAS23,CAS23,365,1826,FALSE,Supply CAS,FALSE,303
0.3,0.15,0.2,0.05,0.2,0.05,0.05,CAS23,CAS23,365,1826,FALSE,Supply CAS,FALSE,304
0.3,0.15,0.15,0.05,0.2,0.05,0.1,CAS23,CAS23,365,1826,FALSE,Supply CAS,FALSE,305
0.3,0.15,0.1,0.05,0.2,0.05,0.15,CAS23,CAS23,365,1826,FALSE,Supply CAS,FALSE,306
0.3,0.15,0.05,0.05,0.2,0.05,0.2,CAS23,CAS23,365,1826,FALSE,Supply CAS,FALSE,307
0.3,0.15,0,0.05,0.2,0.05,0.25,CAS23,CAS23,365,1826,FALSE,Supply CAS,FALSE,308
0.3,0.15,0.15,0.05,0.2,0.05,0.1,CAS23,CAS23,365,1826,FALSE,Supply CAS,FALSE,309
0.3,0.15,0.1,0.05,0.2,0.05,0.15,CAS23,CAS23,365,1826,FALSE,Supply CAS,FALSE,310
0.3,0.15,0.05,0.05,0.2,0.05,0.2,CAS23,CAS23,365,1826,FALSE,Supply CAS,FALSE,311
0.3,0.15,0,0.05,0.2,0.05,0.25,CAS23,CAS23,365,1826,FALSE,Supply CAS,FALSE,312
0.3,0.15,0.1,0.05,0.2,0.05,0.15,CAS23,CAS23,365,1826,FALSE,Supply CAS,FALSE,313
0.3,0.15,0.05,0.05,0.2,0.05,0.2,CAS23,CAS23,365,1826,FALSE,Supply CAS,FALSE,314
0.3,0.15,0,0.05,0.2,0.05,0.25,CAS23,CAS23,365,1826,FALSE,Supply CAS,FALSE,315
0.3,0.15,0.05,0.05,0.2,0.05,0.2,CAS23,CAS23,365,1826,FALSE,Supply CAS,FALSE,316
0.3,0.15,0,0.05,0.2,0.05,0.25,CAS23,CAS23,365,1826,FALSE,Supply CAS,FALSE,317
0.3,0.15,0,0.05,0.2,0.05,0.25,CAS23,CAS23,365,1826,FALSE,Supply CAS,FALSE,318
0.3,0.2,0.2,0.05,0.2,0.05,0,CAS23,CAS23,365,1826,FALSE,Supply CAS,FALSE,319
0.3,0.2,0.15,0.05,0.2,0.05,0.05,CAS23,CAS23,365,1826,FALSE,Supply CAS,FALSE,320
0.3,0.2,0.1,0.05,0.2,0.05,0.1,CAS23,CAS23,365,1826,FALSE,Supply CAS,FALSE,321
0.3,0.2,0.05,0.05,0.2,0.05,0.15,CAS23,CAS23,365,1826,FALSE,Supply CAS,FALSE,322
0.3,0.2,0,0.05,0.2,0.05,0.2,CAS23,CAS23,365,1826,FALSE,Supply CAS,FALSE,323
0.3,0.2,0.15,0.05,0.2,0.05,0.05,CAS23,CAS23,365,1826,FALSE,Supply CAS,FALSE,324
0.3,0.2,0.1,0.05,0.2,0.05,0.1,CAS23,CAS23,365,1826,FALSE,Supply CAS,FALSE,325
0.3,0.2,0.05,0.05,0.2,0.05,0.15,CAS23,CAS23,365,1826,FALSE,Supply CAS,FALSE,326
0.3,0.2,0,0.05,0.2,0.05,0.2,CAS23,CAS23,365,1826,FALSE,Supply CAS,FALSE,327
0.3,0.2,0.1,0.05,0.2,0.05,0.1,CAS23,CAS23,365,1826,FALSE,Supply CAS,FALSE,328
0.3,0.2,0.05,0.05,0.2,0.05,0.15,CAS23,CAS23,365,1826,FALSE,Supply CAS,FALSE,329
0.3,0.2,0,0.05,0.2,0.05,0.2,CAS23,CAS23,365,1826,FALSE,Supply CAS,FALSE,330
0.3,0.2,0.05,0.05,0.2,0.05,0.15,CAS23,CAS23,365,1826,FALSE,Supply CAS,FALSE,331
0.3,0.2,0,0.05,0.2,0.05,0.2,CAS23,CAS23,365,1826,FALSE,Supply CAS,FALSE,332
0.3,0.2,0,0.05,0.2,0.05,0.2,CAS23,CAS23,365,1826,FALSE,Supply CAS,FALSE,333
0.3,0.25,0.15,0.05,0.2,0.05,0,CAS23,CAS23,365,1826,FALSE,Supply CAS,FALSE,334
0.3,0.25,0.1,0.05,0.2,0.05,0.05,CAS23,CAS23,365,1826,FALSE,Supply CAS,FALSE,335
0.3,0.25,0.05,0.05,0.2,0.05,0.1,CAS23,CAS23,365,1826,FALSE,Supply CAS,FALSE,336
0.3,0.25,0,0.05,0.2,0.05,0.15,CAS23,CAS23,365,1826,FALSE,Supply CAS,FALSE,337
0.3,0.25,0.1,0.05,0.2,0.05,0.05,CAS23,CAS23,365,1826,FALSE,Supply CAS,FALSE,338
0.3,0.25,0.05,0.05,0.2,0.05,0.1,CAS23,CAS23,365,1826,FALSE,Supply CAS,FALSE,339
0.3,0.25,0,0.05,0.2,0.05,0.15,CAS23,CAS23,365,1826,FALSE,Supply CAS,FALSE,340
0.3,0.25,0.05,0.05,0.2,0.05,0.1,CAS23,CAS23,365,1826,FALSE,Supply CAS,FALSE,341
0.3,0.25,0,0.05,0.2,0.05,0.15,CAS23,CAS23,365,1826,FALSE,Supply CAS,FALSE,342
0.3,0.25,0,0.05,0.2,0.05,0.15,CAS23,CAS23,365,1826,FALSE,Supply CAS,FALSE,343
0.3,0.3,0.1,0.05,0.2,0.05,0,CAS23,CAS23,365,1826,FALSE,Supply CAS,FALSE,344
0.3,0.3,0.05,0.05,0.2,0.05,0.05,CAS23,CAS23,365,1826,FALSE,Supply CAS,FALSE,345
0.3,0.3,0,0.05,0.2,0.05,0.1,CAS23,CAS23,365,1826,FALSE,Supply CAS,FALSE,346
0.3,0.3,0.05,0.05,0.2,0.05,0.05,CAS23,CAS23,365,1826,FALSE,Supply CAS,FALSE,347
0.3,0.3,0,0.05,0.2,0.05,0.1,CAS23,CAS23,365,1826,FALSE,Supply CAS,FALSE,348
0.3,0.3,0,0.05,0.2,0.05,0.1,CAS23,CAS23,365,1826,FALSE,Supply CAS,FALSE,349
0.3,0.35,0.05,0.05,0.2,0.05,0,CAS23,CAS23,365,1826,FALSE,Supply CAS,FALSE,350
0.3,0.35,0,0.05,0.2,0.05,0.05,CAS23,CAS23,365,1826,FALSE,Supply CAS,FALSE,351
0.3,0.35,0,0.05,0.2,0.05,0.05,CAS23,CAS23,365,1826,FALSE,Supply CAS,FALSE,352
0.35,0.15,0.2,0.05,0.2,0.05,0,CAS23,CAS23,365,1826,FALSE,Supply CAS,FALSE,353
0.35,0.15,0.15,0.05,0.2,0.05,0.05,CAS23,CAS23,365,1826,FALSE,Supply CAS,FALSE,354
0.35,0.15,0.1,0.05,0.2,0.05,0.1,CAS23,CAS23,365,1826,FALSE,Supply CAS,FALSE,355
0.35,0.15,0.05,0.05,0.2,0.05,0.15,CAS23,CAS23,365,1826,FALSE,Supply CAS,FALSE,356
0.35,0.15,0,0.05,0.2,0.05,0.2,CAS23,CAS23,365,1826,FALSE,Supply CAS,FALSE,357
0.35,0.15,0.15,0.05,0.2,0.05,0.05,CAS23,CAS23,365,1826,FALSE,Supply CAS,FALSE,358
0.35,0.15,0.1,0.05,0.2,0.05,0.1,CAS23,CAS23,365,1826,FALSE,Supply CAS,FALSE,359
0.35,0.15,0.05,0.05,0.2,0.05,0.15,CAS23,CAS23,365,1826,FALSE,Supply CAS,FALSE,360
0.35,0.15,0,0.05,0.2,0.05,0.2,CAS23,CAS23,365,1826,FALSE,Supply CAS,FALSE,361
0.35,0.15,0.1,0.05,0.2,0.05,0.1,CAS23,CAS23,365,1826,FALSE,Supply CAS,FALSE,362
0.35,0.15,0.05,0.05,0.2,0.05,0.15,CAS23,CAS23,365,1826,FALSE,Supply CAS,FALSE,363
0.35,0.15,0,0.05,0.2,0.05,0.2,CAS23,CAS23,365,1826,FALSE,Supply CAS,FALSE,364
0.35,0.15,0.05,0.05,0.2,0.05,0.15,CAS23,CAS23,365,1826,FALSE,Supply CAS,FALSE,365
0.35,0.15,0,0.05,0.2,0.05,0.2,CAS23,CAS23,365,1826,FALSE,Supply CAS,FALSE,366
0.35,0.15,0,0.05,0.2,0.05,0.2,CAS23,CAS23,365,1826,FALSE,Supply CAS,FALSE,367
0.35,0.2,0.15,0.05,0.2,0.05,0,CAS23,CAS23,365,1826,FALSE,Supply CAS,FALSE,368
0.35,0.2,0.1,0.05,0.2,0.05,0.05,CAS23,CAS23,365,1826,FALSE,Supply CAS,FALSE,369
0.35,0.2,0.05,0.05,0.2,0.05,0.1,CAS23,CAS23,365,1826,FALSE,Supply CAS,FALSE,370
0.35,0.2,0,0.05,0.2,0.05,0.15,CAS23,CAS23,365,1826,FALSE,Supply CAS,FALSE,371
0.35,0.2,0.1,0.05,0.2,0.05,0.05,CAS23,CAS23,365,1826,FALSE,Supply CAS,FALSE,372
0.35,0.2,0.05,0.05,0.2,0.05,0.1,CAS23,CAS23,365,1826,FALSE,Supply CAS,FALSE,373
0.35,0.2,0,0.05,0.2,0.05,0.15,CAS23,CAS23,365,1826,FALSE,Supply CAS,FALSE,374
0.35,0.2,0.05,0.05,0.2,0.05,0.1,CAS23,CAS23,365,1826,FALSE,Supply CAS,FALSE,375
0.35,0.2,0,0.05,0.2,0.05,0.15,CAS23,CAS23,365,1826,FALSE,Supply CAS,FALSE,376
0.35,0.2,0,0.05,0.2,0.05,0.15,CAS23,CAS23,365,1826,FALSE,Supply CAS,FALSE,377
0.35,0.25,0.1,0.05,0.2,0.05,0,CAS23,CAS23,365,1826,FALSE,Supply CAS,FALSE,378
0.35,0.25,0.05,0.05,0.2,0.05,0.05,CAS23,CAS23,365,1826,FALSE,Supply CAS,FALSE,379
0.35,0.25,0,0.05,0.2,0.05,0.1,CAS23,CAS23,365,1826,FALSE,Supply CAS,FALSE,380
0.35,0.25,0.05,0.05,0.2,0.05,0.05,CAS23,CAS23,365,1826,FALSE,Supply CAS,FALSE,381
0.35,0.25,0,0.05,0.2,0.05,0.1,CAS23,CAS23,365,1826,FALSE,Supply CAS,FALSE,382
0.35,0.25,0,0.05,0.2,0.05,0.1,CAS23,CAS23,365,1826,FALSE,Supply CAS,FALSE,383
0.35,0.3,0.05,0.05,0.2,0.05,0,CAS23,CAS23,365,1826,FALSE,Supply CAS,FALSE,384
0.35,0.3,0,0.05,0.2,0.05,0.05,CAS23,CAS23,365,1826,FALSE,Supply CAS,FALSE,385
0.35,0.3,0,0.05,0.2,0.05,0.05,CAS23,CAS23,365,1826,FALSE,Supply CAS,FALSE,386
0.35,0.35,0,0.05,0.2,0.05,0,CAS23,CAS23,365,1826,FALSE,Supply CAS,FALSE,387
0.2361111111111111,0.2361111111111111,0.15,0.04722222222222222,0.18888888888888888,0.04722222222222222,0.09444444444444444,CAS23,CAS23,365,1826,FALSE,Supply CAS,TRUE,388
